{"type": "FeatureCollection", "meta": {"wersja": "Leśne Echo 0.94 beta", "wygenerowano_utc": "2026-07-28T06:48:10.067774+00:00", "opis": "Wydzielenia ≥100 lat — geometria z Banku Danych o Lasach, adresy z treści planów (Leśne Echo E3)."}, "features": [{"type": "Feature", "geometry": {"type": "MultiPolygon", "coordinates": [[[[16.4021, 51.52695], [16.40107, 51.52697], [16.40076, 51.52754], [16.4012, 51.52769], [16.40136, 51.52774], [16.40152, 51.52785], [16.40251, 51.52848], [16.40304, 51.5286], [16.40309, 51.5286], [16.40343, 51.52832], [16.40351, 51.52819], [16.40377, 51.5281], [16.40356, 51.52801], [16.40339, 51.52802], [16.40343, 51.52737], [16.40323, 51.52699], [16.40301, 51.52671], [16.40273, 51.52671], [16.40254, 51.5269], [16.4021, 51.52695]]]]}, "properties": {"nadlesnictwo": "Lubin", "oddzial": "111", "pododdzial": "c", "gatunek": "DB", "wiek": 125, "powierzchnia_ha": 2.46, "ochronnosc": null, "siedlisko": "LMŚW", "powod": "drzewostan ≥100 lat", "wiek_z_planu": 125}}, {"type": "Feature", "geometry": {"type": "MultiPolygon", "coordinates": [[[[16.34791, 51.54759], [16.34769, 51.54759], [16.34761, 51.5476], [16.34757, 51.54762], [16.34757, 51.54767], [16.34757, 51.54839], [16.34757, 51.54846], [16.34767, 51.54862], [16.34806, 51.54902], [16.3502, 51.54857], [16.35159, 51.54832], [16.35139, 51.54902], [16.35258, 51.54878], [16.35248, 51.5485], [16.35314, 51.54837], [16.35387, 51.5481], [16.35388, 51.5481], [16.3539, 51.54809], [16.35356, 51.54779], [16.3533, 51.54755], [16.35309, 51.54738], [16.35296, 51.54726], [16.35292, 51.54727], [16.3513, 51.54751], [16.35071, 51.54761], [16.35049, 51.54785], [16.35015, 51.54795], [16.34973, 51.54798], [16.34924, 51.54803], [16.34878, 51.54803], [16.34851, 51.54798], [16.34833, 51.54787], [16.3481, 51.54765], [16.34801, 51.54761], [16.34791, 51.54759]]]]}, "properties": {"nadlesnictwo": "Lubin", "oddzial": "44", "pododdzial": "c", "gatunek": "DB", "wiek": 120, "powierzchnia_ha": 4.65, "ochronnosc": "OCH USZK", "siedlisko": "LŚW", "powod": "drzewostan ≥100 lat", "wiek_z_planu": 120}}, {"type": "Feature", "geometry": {"type": "MultiPolygon", "coordinates": [[[[16.42724, 51.49922], [16.42749, 51.49893], [16.42795, 51.49852], [16.42848, 51.49809], [16.42849, 51.49808], [16.42852, 51.49806], [16.42912, 51.49758], [16.42893, 51.49746], [16.42889, 51.49748], [16.42823, 51.49788], [16.42816, 51.49792], [16.42801, 51.49801], [16.42744, 51.49843], [16.42699, 51.49914], [16.42657, 51.49928], [16.42591, 51.49948], [16.42586, 51.49949], [16.42626, 51.50021], [16.42627, 51.50022], [16.42627, 51.50023], [16.42629, 51.50025], [16.42618, 51.50031], [16.42576, 51.50051], [16.42548, 51.50062], [16.42524, 51.50071], [16.42521, 51.50072], [16.42466, 51.50092], [16.42451, 51.50099], [16.42446, 51.50102], [16.42445, 51.50106], [16.42481, 51.50098], [16.42511, 51.50093], [16.42543, 51.50086], [16.42568, 51.50081], [16.42666, 51.50061], [16.42784, 51.50037], [16.42818, 51.50031], [16.42809, 51.49994], [16.42748, 51.49951], [16.42746, 51.4995], [16.42744, 51.49947], [16.42744, 51.49947], [16.42724, 51.49922]]]]}, "properties": {"nadlesnictwo": "Lubin", "oddzial": "142", "pododdzial": "b", "gatunek": "DB", "wiek": 120, "powierzchnia_ha": 2.55, "ochronnosc": null, "siedlisko": "LMŚW", "powod": "drzewostan ≥100 lat", "wiek_z_planu": 120}}, {"type": "Feature", "geometry": {"type": "MultiPolygon", "coordinates": [[[[16.41925, 51.53693], [16.41972, 51.53657], [16.42056, 51.53621], [16.42084, 51.53608], [16.42057, 51.53586], [16.42004, 51.53541], [16.41937, 51.53522], [16.41929, 51.53505], [16.41956, 51.53495], [16.42045, 51.53491], [16.42134, 51.53483], [16.42186, 51.53471], [16.4223, 51.53459], [16.42267, 51.5344], [16.42275, 51.53436], [16.42275, 51.53435], [16.42249, 51.53418], [16.42227, 51.53406], [16.42203, 51.534], [16.42163, 51.53388], [16.42074, 51.53374], [16.41875, 51.53341], [16.41858, 51.53335], [16.41791, 51.53312], [16.41771, 51.53338], [16.41687, 51.53311], [16.41621, 51.53289], [16.41549, 51.53266], [16.41521, 51.53257], [16.41536, 51.53289], [16.41547, 51.53308], [16.41563, 51.53344], [16.41548, 51.5345], [16.41555, 51.53469], [16.41567, 51.53498], [16.41595, 51.53543], [16.41702, 51.5354], [16.4177, 51.53575], [16.41762, 51.53612], [16.41763, 51.53642], [16.41763, 51.53644], [16.41801, 51.53653], [16.41833, 51.53662], [16.41921, 51.53694], [16.41922, 51.53694], [16.41922, 51.53695], [16.41923, 51.53695], [16.41925, 51.53693]]]]}, "properties": {"nadlesnictwo": "Lubin", "oddzial": "90", "pododdzial": "c", "gatunek": "DB", "wiek": 120, "powierzchnia_ha": 12.05, "ochronnosc": null, "siedlisko": "LMŚW", "powod": "drzewostan ≥100 lat", "wiek_z_planu": 120}}, {"type": "Feature", "geometry": {"type": "MultiPolygon", "coordinates": [[[[16.25231, 51.48576], [16.25244, 51.48595], [16.25249, 51.48602], [16.25257, 51.48602], [16.25279, 51.48602], [16.25328, 51.48602], [16.25373, 51.48602], [16.25414, 51.48601], [16.25409, 51.48584], [16.25402, 51.48565], [16.25397, 51.48543], [16.25397, 51.48532], [16.25402, 51.48516], [16.25406, 51.48498], [16.25406, 51.48498], [16.2524, 51.48486], [16.25151, 51.48479], [16.25151, 51.48532], [16.25151, 51.48577], [16.25155, 51.48577], [16.2523, 51.48574], [16.25231, 51.48576]]]]}, "properties": {"nadlesnictwo": "Lubin", "oddzial": "90", "pododdzial": "p", "gatunek": "SO", "wiek": 12, "powierzchnia_ha": 1.96, "ochronnosc": "OCH MIAST", "siedlisko": "BMŚW", "powod": "drzewostan ≥100 lat", "wiek_z_planu": 125}}, {"type": "Feature", "geometry": {"type": "MultiPolygon", "coordinates": [[[[16.41596, 51.53557], [16.41588, 51.53545], [16.41559, 51.53498], [16.4154, 51.5345], [16.41555, 51.53344], [16.4154, 51.53308], [16.41336, 51.53283], [16.41214, 51.53263], [16.41169, 51.53256], [16.41021, 51.53312], [16.40993, 51.53323], [16.4095, 51.53347], [16.40931, 51.53356], [16.40896, 51.5337], [16.40939, 51.53393], [16.40944, 51.53411], [16.40945, 51.53412], [16.40948, 51.53413], [16.41002, 51.53433], [16.41012, 51.53436], [16.41012, 51.53437], [16.41013, 51.53437], [16.41161, 51.53437], [16.41306, 51.53421], [16.41334, 51.53465], [16.41279, 51.53567], [16.41279, 51.53568], [16.41274, 51.53576], [16.41271, 51.53608], [16.41271, 51.53611], [16.41348, 51.53594], [16.41388, 51.53593], [16.41409, 51.53593], [16.41601, 51.53625], [16.41602, 51.53623], [16.41603, 51.5362], [16.41596, 51.53557]]]]}, "properties": {"nadlesnictwo": "Lubin", "oddzial": "91", "pododdzial": "a", "gatunek": "DB", "wiek": 120, "powierzchnia_ha": 10.19, "ochronnosc": null, "siedlisko": "LMŚW", "powod": "drzewostan ≥100 lat", "wiek_z_planu": 120}}, {"type": "Feature", "geometry": {"type": "MultiPolygon", "coordinates": [[[[16.40648, 51.53502], [16.40636, 51.53501], [16.40616, 51.53499], [16.40594, 51.53558], [16.40722, 51.5357], [16.40806, 51.53578], [16.40806, 51.53576], [16.40807, 51.53553], [16.40808, 51.53535], [16.40779, 51.53502], [16.40754, 51.53496], [16.40717, 51.53489], [16.40648, 51.53502]]]]}, "properties": {"nadlesnictwo": "Lubin", "oddzial": "91", "pododdzial": "c", "gatunek": "DB", "wiek": 120, "powierzchnia_ha": 1.01, "ochronnosc": null, "siedlisko": "LŚW", "powod": "drzewostan ≥100 lat", "wiek_z_planu": 120}}, {"type": "Feature", "geometry": {"type": "MultiPolygon", "coordinates": [[[[16.40592, 51.533], [16.40762, 51.53301], [16.40815, 51.53319], [16.40845, 51.5335], [16.40895, 51.53333], [16.40955, 51.53314], [16.40868, 51.53316], [16.4085, 51.53287], [16.40828, 51.53252], [16.40789, 51.53192], [16.40751, 51.53189], [16.40701, 51.53186], [16.40697, 51.53186], [16.40545, 51.53176], [16.40538, 51.53186], [16.40503, 51.53212], [16.40479, 51.53229], [16.40423, 51.53267], [16.40418, 51.5327], [16.40417, 51.53271], [16.40416, 51.53271], [16.4049, 51.53274], [16.40511, 51.53281], [16.40532, 51.533], [16.40592, 51.533]]]]}, "properties": {"nadlesnictwo": "Lubin", "oddzial": "91", "pododdzial": "h", "gatunek": "DB", "wiek": 100, "powierzchnia_ha": 3.3, "ochronnosc": null, "siedlisko": "LMŚW", "powod": "drzewostan ≥100 lat", "wiek_z_planu": 100}}, {"type": "Feature", "geometry": {"type": "MultiPolygon", "coordinates": [[[[16.25065, 51.36879], [16.25065, 51.36879], [16.25065, 51.3689], [16.2507, 51.36916], [16.25101, 51.36906], [16.25133, 51.36887], [16.25136, 51.36879], [16.25195, 51.36867], [16.25266, 51.36851], [16.25268, 51.3685], [16.25268, 51.36807], [16.2527, 51.36739], [16.2527, 51.36726], [16.25268, 51.36727], [16.25227, 51.36734], [16.25209, 51.36752], [16.2516, 51.36764], [16.25098, 51.36787], [16.25059, 51.3681], [16.25063, 51.36863], [16.25064, 51.36869], [16.25065, 51.36879]]]]}, "properties": {"nadlesnictwo": "Lubin", "oddzial": "239", "pododdzial": "i", "gatunek": "DB", "wiek": 115, "powierzchnia_ha": 1.85, "ochronnosc": "OCH MIAST", "siedlisko": "LMŚW", "powod": "drzewostan ≥100 lat", "wiek_z_planu": 115}}, {"type": "Feature", "geometry": {"type": "MultiPolygon", "coordinates": [[[[16.33938, 51.43379], [16.33925, 51.43375], [16.33866, 51.4337], [16.33813, 51.43361], [16.338, 51.43354], [16.33791, 51.43347], [16.33779, 51.43339], [16.33763, 51.43328], [16.33681, 51.43274], [16.33665, 51.43263], [16.33657, 51.4326], [16.33657, 51.43269], [16.33656, 51.43286], [16.33673, 51.43333], [16.33693, 51.4335], [16.33729, 51.43363], [16.33763, 51.43376], [16.33808, 51.43384], [16.33874, 51.43383], [16.33936, 51.43383], [16.33939, 51.43383], [16.33938, 51.43379]]]]}, "properties": {"nadlesnictwo": "Lubin", "oddzial": "219", "pododdzial": "m", "gatunek": "DB", "wiek": 115, "powierzchnia_ha": 0.65, "ochronnosc": "OCH MIAST", "siedlisko": "LŚW", "powod": "drzewostan ≥100 lat", "wiek_z_planu": 115}}, {"type": "Feature", "geometry": {"type": "MultiPolygon", "coordinates": [[[[16.10813, 51.48011], [16.10811, 51.48008], [16.10762, 51.47935], [16.10612, 51.47966], [16.10673, 51.48022], [16.10684, 51.48031], [16.10691, 51.48036], [16.107, 51.48035], [16.10791, 51.48021], [16.10817, 51.48017], [16.10813, 51.48011]]]]}, "properties": {"nadlesnictwo": "Lubin", "oddzial": "270", "pododdzial": "x", "gatunek": "DB", "wiek": 110, "powierzchnia_ha": 0.96, "ochronnosc": "OCH CENNE", "siedlisko": "BMŚW", "powod": "drzewostan ≥100 lat", "wiek_z_planu": 110}}, {"type": "Feature", "geometry": {"type": "MultiPolygon", "coordinates": [[[[16.37898, 51.54764], [16.37889, 51.54762], [16.37873, 51.5476], [16.37857, 51.54758], [16.37844, 51.54756], [16.37836, 51.54754], [16.37823, 51.54751], [16.37813, 51.54748], [16.37802, 51.54745], [16.37794, 51.54743], [16.37788, 51.54744], [16.37781, 51.54747], [16.37771, 51.5475], [16.37758, 51.54747], [16.37755, 51.54753], [16.37784, 51.5476], [16.37861, 51.54778], [16.38014, 51.54814], [16.38016, 51.54814], [16.38268, 51.54873], [16.3827, 51.54874], [16.38304, 51.54811], [16.38308, 51.54805], [16.38262, 51.54776], [16.38252, 51.54772], [16.382, 51.5476], [16.38127, 51.5475], [16.38091, 51.54746], [16.38073, 51.54744], [16.38055, 51.54743], [16.3804, 51.54744], [16.38039, 51.54749], [16.38039, 51.54751], [16.38005, 51.54747], [16.37959, 51.54754], [16.3791, 51.54763], [16.37898, 51.54764]]]]}, "properties": {"nadlesnictwo": "Lubin", "oddzial": "60", "pododdzial": "a", "gatunek": "SO", "wiek": 8, "powierzchnia_ha": 2.42, "ochronnosc": "OCH USZK", "siedlisko": "LMŚW", "powod": "drzewostan ≥100 lat", "wiek_z_planu": 106}}, {"type": "Feature", "geometry": {"type": "MultiPolygon", "coordinates": [[[[16.37889, 51.54762], [16.37898, 51.54764], [16.3791, 51.54763], [16.37959, 51.54754], [16.38005, 51.54747], [16.38039, 51.54751], [16.38039, 51.54749], [16.3804, 51.54744], [16.3804, 51.54738], [16.38043, 51.54729], [16.37996, 51.54727], [16.37975, 51.54728], [16.37947, 51.54731], [16.37861, 51.54719], [16.37786, 51.54699], [16.37758, 51.54747], [16.37771, 51.5475], [16.37781, 51.54747], [16.37788, 51.54744], [16.37794, 51.54743], [16.37802, 51.54745], [16.37813, 51.54748], [16.37823, 51.54751], [16.37836, 51.54754], [16.37844, 51.54756], [16.37857, 51.54758], [16.37873, 51.5476], [16.37889, 51.54762]]]]}, "properties": {"nadlesnictwo": "Lubin", "oddzial": "60", "pododdzial": "b", "gatunek": "BK", "wiek": 110, "powierzchnia_ha": 0.69, "ochronnosc": "OCH USZK", "siedlisko": "LMŚW", "powod": "drzewostan ≥100 lat", "wiek_z_planu": 110}}, {"type": "Feature", "geometry": {"type": "MultiPolygon", "coordinates": [[[[16.43083, 51.5311], [16.43085, 51.5311], [16.43196, 51.53093], [16.43299, 51.53077], [16.43192, 51.5299], [16.43191, 51.5299], [16.43122, 51.52934], [16.43092, 51.5291], [16.43039, 51.52866], [16.4303, 51.5287], [16.43007, 51.52881], [16.43019, 51.5289], [16.42995, 51.52902], [16.4298, 51.52912], [16.4296, 51.52922], [16.42939, 51.52973], [16.43017, 51.53047], [16.43018, 51.53048], [16.43012, 51.53057], [16.43012, 51.53057], [16.43011, 51.53058], [16.4301, 51.53059], [16.43034, 51.53069], [16.43083, 51.5311]]]]}, "properties": {"nadlesnictwo": "Lubin", "oddzial": "109", "pododdzial": "g", "gatunek": "DB", "wiek": 110, "powierzchnia_ha": 3.38, "ochronnosc": null, "siedlisko": "LMŚW", "powod": "drzewostan ≥100 lat", "wiek_z_planu": 110}}, {"type": "Feature", "geometry": {"type": "MultiPolygon", "coordinates": [[[[16.42485, 51.50251], [16.42487, 51.50251], [16.42493, 51.50251], [16.42494, 51.50251], [16.42498, 51.50252], [16.42497, 51.50249], [16.42497, 51.50249], [16.42502, 51.50212], [16.42504, 51.50183], [16.42504, 51.50182], [16.42562, 51.50181], [16.42566, 51.50105], [16.42503, 51.50108], [16.42501, 51.50108], [16.42442, 51.50111], [16.42437, 51.50111], [16.42428, 51.50117], [16.42353, 51.50133], [16.42262, 51.50147], [16.42242, 51.50147], [16.4224, 51.50148], [16.42241, 51.5015], [16.42243, 51.5016], [16.42243, 51.50177], [16.42242, 51.50189], [16.42236, 51.50201], [16.42226, 51.50218], [16.42222, 51.5023], [16.42217, 51.50241], [16.42217, 51.50242], [16.42217, 51.50242], [16.42485, 51.50251]]]]}, "properties": {"nadlesnictwo": "Lubin", "oddzial": "134", "pododdzial": "i", "gatunek": "DB", "wiek": 110, "powierzchnia_ha": 2.71, "ochronnosc": null, "siedlisko": "LMŚW", "powod": "drzewostan ≥100 lat", "wiek_z_planu": 110}}, {"type": "Feature", "geometry": {"type": "MultiPolygon", "coordinates": [[[[16.32036, 51.49139], [16.32062, 51.49125], [16.32083, 51.49114], [16.32104, 51.49069], [16.32115, 51.49046], [16.32095, 51.49033], [16.32085, 51.49026], [16.32069, 51.4902], [16.32026, 51.49013], [16.31994, 51.49012], [16.31989, 51.49011], [16.31959, 51.49013], [16.31943, 51.49016], [16.3175, 51.4907], [16.31828, 51.49121], [16.31866, 51.49143], [16.31919, 51.49175], [16.32003, 51.49225], [16.32004, 51.49223], [16.32021, 51.49186], [16.32032, 51.49163], [16.32036, 51.49139]]]]}, "properties": {"nadlesnictwo": "Lubin", "oddzial": "184", "pododdzial": "c", "gatunek": "DB", "wiek": 12, "powierzchnia_ha": 3.12, "ochronnosc": "OCH MIAST", "siedlisko": "LMŚW", "powod": "drzewostan ≥100 lat", "wiek_z_planu": 100}}, {"type": "Feature", "geometry": {"type": "MultiPolygon", "coordinates": [[[[16.31938, 51.48874], [16.31877, 51.48874], [16.3182, 51.48874], [16.31732, 51.48874], [16.31692, 51.48877], [16.31646, 51.48878], [16.31605, 51.48881], [16.31605, 51.48881], [16.31545, 51.48895], [16.31535, 51.48897], [16.31529, 51.48899], [16.31518, 51.48937], [16.31531, 51.48966], [16.31544, 51.48974], [16.31563, 51.48978], [16.31602, 51.4897], [16.3171, 51.49044], [16.31719, 51.4905], [16.31732, 51.4906], [16.31748, 51.49068], [16.3175, 51.4907], [16.3175, 51.4907], [16.31943, 51.49016], [16.31959, 51.49013], [16.31989, 51.49011], [16.31994, 51.49012], [16.31996, 51.48874], [16.31984, 51.48874], [16.31977, 51.48874], [16.31972, 51.48874], [16.31956, 51.48874], [16.31938, 51.48874]]]]}, "properties": {"nadlesnictwo": "Lubin", "oddzial": "184", "pododdzial": "h", "gatunek": "DB", "wiek": 110, "powierzchnia_ha": 5.26, "ochronnosc": "OCH MIAST", "siedlisko": "LMŚW", "powod": "drzewostan ≥100 lat", "wiek_z_planu": 110}}, {"type": "Feature", "geometry": {"type": "MultiPolygon", "coordinates": [[[[16.34271, 51.39322], [16.3425, 51.39237], [16.3425, 51.39237], [16.34218, 51.39103], [16.34215, 51.39089], [16.34194, 51.39011], [16.34193, 51.39009], [16.34136, 51.39031], [16.34128, 51.39039], [16.34123, 51.3905], [16.3411, 51.39055], [16.34101, 51.39062], [16.34099, 51.39068], [16.34102, 51.39085], [16.34095, 51.39093], [16.34069, 51.39097], [16.34049, 51.39108], [16.34051, 51.39113], [16.34056, 51.39126], [16.34066, 51.39148], [16.34065, 51.39156], [16.34082, 51.39192], [16.34106, 51.39238], [16.34112, 51.39248], [16.34112, 51.39248], [16.34117, 51.39266], [16.34118, 51.39267], [16.34122, 51.39269], [16.34222, 51.39306], [16.34256, 51.39317], [16.34271, 51.39322]]]]}, "properties": {"nadlesnictwo": "Lubin", "oddzial": "236", "pododdzial": "d", "gatunek": "DB", "wiek": 110, "powierzchnia_ha": 2.87, "ochronnosc": "OCH MIAST", "siedlisko": "LŚW", "powod": "drzewostan ≥100 lat", "wiek_z_planu": 110}}, {"type": "Feature", "geometry": {"type": "MultiPolygon", "coordinates": [[[[16.1891, 51.5363], [16.18872, 51.53634], [16.18831, 51.53637], [16.18763, 51.53644], [16.18778, 51.5375], [16.18902, 51.53741], [16.1891, 51.5363]]]]}, "properties": {"nadlesnictwo": "Lubin", "oddzial": "5", "pododdzial": "d", "gatunek": "DB", "wiek": 105, "powierzchnia_ha": 1.09, "ochronnosc": "OCH USZK", "siedlisko": "LŚW", "powod": "drzewostan ≥100 lat", "wiek_z_planu": 105}}, {"type": "Feature", "geometry": {"type": "MultiPolygon", "coordinates": [[[[16.38181, 51.60479], [16.38194, 51.60496], [16.38213, 51.60503], [16.38228, 51.60514], [16.38254, 51.60461], [16.38286, 51.60393], [16.38273, 51.60352], [16.38216, 51.60356], [16.38209, 51.60372], [16.38209, 51.60385], [16.38216, 51.60401], [16.38202, 51.60426], [16.3816, 51.60454], [16.38174, 51.6046], [16.38181, 51.60479]]]]}, "properties": {"nadlesnictwo": "Lubin", "oddzial": "5", "pododdzial": "g", "gatunek": null, "wiek": 0, "powierzchnia_ha": 0.74, "ochronnosc": null, "siedlisko": null, "powod": "drzewostan ≥100 lat", "wiek_z_planu": 115}}, {"type": "Feature", "geometry": {"type": "MultiPolygon", "coordinates": [[[[16.18773, 51.53752], [16.18778, 51.5375], [16.18763, 51.53644], [16.18763, 51.53642], [16.18743, 51.53507], [16.18648, 51.53505], [16.18652, 51.53579], [16.18668, 51.53642], [16.18687, 51.53645], [16.1869, 51.53699], [16.1869, 51.53699], [16.18691, 51.53713], [16.18693, 51.53745], [16.18726, 51.53767], [16.1873, 51.5377], [16.18773, 51.53752]]]]}, "properties": {"nadlesnictwo": "Lubin", "oddzial": "6", "pododdzial": "f", "gatunek": "DB", "wiek": 105, "powierzchnia_ha": 1.65, "ochronnosc": "OCH USZK", "siedlisko": "LŚW", "powod": "drzewostan ≥100 lat", "wiek_z_planu": 105}}, {"type": "Feature", "geometry": {"type": "MultiPolygon", "coordinates": [[[[16.18648, 51.53505], [16.18743, 51.53507], [16.18729, 51.53413], [16.18726, 51.53412], [16.18684, 51.53404], [16.18662, 51.53396], [16.1866, 51.53418], [16.18648, 51.53505]]]]}, "properties": {"nadlesnictwo": "Lubin", "oddzial": "6", "pododdzial": "i", "gatunek": "DB", "wiek": 4, "powierzchnia_ha": 0.59, "ochronnosc": "OCH USZK", "siedlisko": "LŚW", "powod": "drzewostan ≥100 lat", "wiek_z_planu": 100}}, {"type": "Feature", "geometry": {"type": "MultiPolygon", "coordinates": [[[[16.18386, 51.53305], [16.18373, 51.53318], [16.18371, 51.53313], [16.18371, 51.53311], [16.18344, 51.53231], [16.18318, 51.5321], [16.18254, 51.53226], [16.18242, 51.53246], [16.18167, 51.53254], [16.18121, 51.5326], [16.1813, 51.53313], [16.18142, 51.53381], [16.18161, 51.53495], [16.18162, 51.53499], [16.18162, 51.53501], [16.18173, 51.53566], [16.18174, 51.53568], [16.1819, 51.53571], [16.18204, 51.53574], [16.18218, 51.5356], [16.1834, 51.53542], [16.18405, 51.53557], [16.18455, 51.53572], [16.18453, 51.53558], [16.18455, 51.53538], [16.18451, 51.53516], [16.1846, 51.53492], [16.18467, 51.53471], [16.18457, 51.53451], [16.18447, 51.53429], [16.1844, 51.53402], [16.1843, 51.53386], [16.18416, 51.53378], [16.18402, 51.53372], [16.18399, 51.53359], [16.18414, 51.53345], [16.18427, 51.53326], [16.18386, 51.53305]]]]}, "properties": {"nadlesnictwo": "Lubin", "oddzial": "6", "pododdzial": "j", "gatunek": "SO", "wiek": 5, "powierzchnia_ha": 6.78, "ochronnosc": "OCH USZK", "siedlisko": "LMŚW", "powod": "drzewostan ≥100 lat", "wiek_z_planu": 139}}, {"type": "Feature", "geometry": {"type": "MultiPolygon", "coordinates": [[[[16.12983, 51.47945], [16.12973, 51.47952], [16.12958, 51.47961], [16.12944, 51.47991], [16.12848, 51.47999], [16.12851, 51.48021], [16.12852, 51.48022], [16.12861, 51.48042], [16.12868, 51.48055], [16.12901, 51.4808], [16.12908, 51.48094], [16.12911, 51.481], [16.1297, 51.48095], [16.12996, 51.48078], [16.1301, 51.48065], [16.13049, 51.48025], [16.12986, 51.47978], [16.12983, 51.47945]]]]}, "properties": {"nadlesnictwo": "Lubin", "oddzial": "253", "pododdzial": "f", "gatunek": "DB", "wiek": 105, "powierzchnia_ha": 1.28, "ochronnosc": "OCH CENNE", "siedlisko": "LMŚW", "powod": "drzewostan ≥100 lat", "wiek_z_planu": 105}}, {"type": "Feature", "geometry": {"type": "MultiPolygon", "coordinates": [[[[16.37619, 51.54631], [16.37694, 51.54626], [16.37706, 51.54593], [16.37715, 51.54549], [16.37723, 51.54523], [16.37709, 51.54516], [16.37623, 51.54509], [16.3745, 51.5448], [16.37398, 51.54471], [16.37398, 51.54471], [16.37402, 51.54506], [16.37401, 51.54532], [16.37402, 51.54538], [16.37477, 51.54616], [16.375, 51.54641], [16.3752, 51.5466], [16.37619, 51.54631]]]]}, "properties": {"nadlesnictwo": "Lubin", "oddzial": "61", "pododdzial": "f", "gatunek": "DB", "wiek": 105, "powierzchnia_ha": 2.9, "ochronnosc": "OCH USZK", "siedlisko": "LMŚW", "powod": "drzewostan ≥100 lat", "wiek_z_planu": 105}}, {"type": "Feature", "geometry": {"type": "MultiPolygon", "coordinates": [[[[16.38384, 51.54057], [16.38224, 51.54083], [16.38254, 51.54149], [16.38256, 51.54155], [16.38285, 51.54157], [16.38353, 51.54161], [16.38367, 51.54162], [16.38383, 51.54159], [16.38398, 51.54157], [16.38402, 51.54091], [16.38384, 51.54057]]]]}, "properties": {"nadlesnictwo": "Lubin", "oddzial": "64", "pododdzial": "i", "gatunek": "BK", "wiek": 105, "powierzchnia_ha": 1.09, "ochronnosc": "OCH USZK", "siedlisko": "LŚW", "powod": "drzewostan ≥100 lat", "wiek_z_planu": 105}}, {"type": "Feature", "geometry": {"type": "MultiPolygon", "coordinates": [[[[16.37939, 51.51357], [16.37939, 51.51359], [16.37982, 51.51392], [16.37988, 51.51391], [16.38049, 51.51451], [16.38052, 51.51455], [16.38069, 51.51471], [16.38134, 51.51536], [16.38157, 51.51576], [16.38193, 51.51544], [16.38249, 51.51521], [16.38253, 51.5152], [16.38255, 51.51519], [16.3826, 51.51518], [16.38284, 51.51514], [16.38278, 51.51464], [16.38278, 51.51428], [16.38272, 51.51385], [16.38263, 51.51337], [16.3826, 51.51326], [16.38257, 51.51321], [16.38255, 51.51322], [16.38247, 51.51323], [16.38245, 51.51324], [16.38164, 51.51331], [16.3815, 51.51333], [16.38035, 51.51344], [16.38019, 51.51345], [16.38015, 51.51345], [16.37946, 51.5135], [16.37939, 51.51357]]]]}, "properties": {"nadlesnictwo": "Lubin", "oddzial": "144", "pododdzial": "b", "gatunek": "DB", "wiek": 105, "powierzchnia_ha": 3.8, "ochronnosc": null, "siedlisko": "LMŚW", "powod": "drzewostan ≥100 lat", "wiek_z_planu": 105}}, {"type": "Feature", "geometry": {"type": "MultiPolygon", "coordinates": [[[[16.23724, 51.48884], [16.23731, 51.48885], [16.2374, 51.48843], [16.23738, 51.48785], [16.23679, 51.48755], [16.23671, 51.4875], [16.23657, 51.48761], [16.23642, 51.48772], [16.2359, 51.48812], [16.23567, 51.4883], [16.23564, 51.48833], [16.23541, 51.48853], [16.23634, 51.48869], [16.23695, 51.48879], [16.23724, 51.48884]]]]}, "properties": {"nadlesnictwo": "Lubin", "oddzial": "41", "pododdzial": "g", "gatunek": "DB", "wiek": 103, "powierzchnia_ha": 1.23, "ochronnosc": "OCH MIAST", "siedlisko": "LMŚW", "powod": "drzewostan ≥100 lat", "wiek_z_planu": 103}}, {"type": "Feature", "geometry": {"type": "MultiPolygon", "coordinates": [[[[16.24214, 51.48864], [16.24199, 51.48876], [16.24205, 51.4888], [16.2419, 51.48893], [16.2419, 51.48911], [16.24162, 51.48921], [16.24157, 51.48936], [16.24168, 51.48987], [16.24169, 51.49017], [16.24183, 51.49027], [16.24208, 51.49036], [16.24209, 51.49056], [16.24241, 51.49071], [16.24246, 51.49085], [16.24256, 51.49101], [16.24249, 51.49111], [16.24236, 51.49114], [16.24242, 51.49127], [16.24248, 51.49133], [16.24253, 51.49133], [16.24256, 51.49127], [16.24263, 51.49125], [16.24284, 51.49135], [16.24295, 51.49134], [16.24299, 51.49132], [16.24314, 51.49133], [16.24323, 51.49129], [16.24335, 51.49132], [16.24334, 51.49139], [16.24344, 51.49154], [16.24338, 51.49156], [16.24338, 51.49158], [16.24341, 51.49162], [16.24354, 51.49164], [16.24359, 51.49176], [16.24365, 51.49189], [16.24381, 51.49202], [16.2438, 51.49218], [16.24389, 51.49225], [16.24394, 51.49234], [16.24405, 51.49241], [16.24413, 51.49248], [16.24432, 51.49256], [16.24458, 51.49235], [16.24515, 51.49199], [16.24469, 51.49167], [16.24403, 51.49173], [16.24377, 51.49143], [16.24331, 51.49086], [16.24259, 51.49027], [16.24222, 51.48985], [16.24206, 51.48948], [16.24213, 51.48928], [16.24218, 51.48927], [16.24269, 51.48911], [16.24235, 51.48873], [16.24245, 51.48848], [16.24242, 51.4882], [16.2423, 51.48794], [16.242, 51.48777], [16.2417, 51.48732], [16.2416, 51.48717], [16.24189, 51.487], [16.24173, 51.48676], [16.24231, 51.4865], [16.24201, 51.48617], [16.24209, 51.48608], [16.24218, 51.48587], [16.24216, 51.48585], [16.24172, 51.48572], [16.2413, 51.48542], [16.24107, 51.48524], [16.24076, 51.485], [16.24072, 51.48506], [16.24074, 51.48511], [16.24085, 51.4852], [16.24091, 51.48524], [16.24103, 51.48534], [16.24104, 51.48544], [16.24123, 51.48572], [16.24139, 51.48581], [16.24131, 51.48593], [16.24133, 51.48614], [16.24126, 51.48622], [16.24129, 51.48631], [16.24128, 51.48647], [16.24137, 51.48654], [16.24129, 51.48695], [16.24148, 51.48725], [16.2414, 51.4873], [16.2414, 51.48734], [16.24145, 51.48736], [16.2416, 51.48748], [16.24157, 51.48769], [16.24209, 51.48796], [16.24233, 51.48837], [16.24219, 51.48848], [16.24214, 51.48864]]]]}, "properties": {"nadlesnictwo": "Lubin", "oddzial": "41", "pododdzial": "a", "gatunek": "DB", "wiek": 145, "powierzchnia_ha": 3.42, "ochronnosc": "OCH WOD", "siedlisko": "LW", "powod": "drzewostan ≥100 lat", "wiek_z_planu": 120}}, {"type": "Feature", "geometry": {"type": "MultiPolygon", "coordinates": [[[[16.38359, 51.52262], [16.38293, 51.52308], [16.38346, 51.52322], [16.38512, 51.52343], [16.38515, 51.52343], [16.38581, 51.52236], [16.38588, 51.52227], [16.38588, 51.52226], [16.38586, 51.52222], [16.38583, 51.52215], [16.38573, 51.52205], [16.38541, 51.52181], [16.38521, 51.5217], [16.38484, 51.52146], [16.38447, 51.52121], [16.38427, 51.52108], [16.3842, 51.52111], [16.38371, 51.52131], [16.38287, 51.52143], [16.38283, 51.52144], [16.38287, 51.52185], [16.38287, 51.52186], [16.38321, 51.52215], [16.38379, 51.5225], [16.38359, 51.52262]]]]}, "properties": {"nadlesnictwo": "Lubin", "oddzial": "115", "pododdzial": "b", "gatunek": "DB", "wiek": 103, "powierzchnia_ha": 3.47, "ochronnosc": null, "siedlisko": "LMŚW", "powod": "drzewostan ≥100 lat", "wiek_z_planu": 103}}, {"type": "Feature", "geometry": {"type": "MultiPolygon", "coordinates": [[[[16.38457, 51.52593], [16.38457, 51.52607], [16.38457, 51.52621], [16.38512, 51.52586], [16.3855, 51.52561], [16.38577, 51.52521], [16.38495, 51.52493], [16.38483, 51.52489], [16.38461, 51.52481], [16.38459, 51.52481], [16.38396, 51.52459], [16.38278, 51.52527], [16.38323, 51.5255], [16.38372, 51.52563], [16.38446, 51.52554], [16.38446, 51.52556], [16.38455, 51.52565], [16.38457, 51.52593]]]]}, "properties": {"nadlesnictwo": "Lubin", "oddzial": "96", "pododdzial": "d", "gatunek": "BK", "wiek": 103, "powierzchnia_ha": 1.67, "ochronnosc": null, "siedlisko": "LMŚW", "powod": "drzewostan ≥100 lat", "wiek_z_planu": 103}}, {"type": "Feature", "geometry": {"type": "MultiPolygon", "coordinates": [[[[16.15407, 51.48839], [16.15271, 51.48882], [16.15187, 51.48908], [16.1518, 51.4891], [16.15179, 51.48911], [16.15267, 51.48928], [16.15372, 51.48949], [16.15409, 51.48956], [16.15456, 51.48877], [16.15462, 51.48865], [16.15447, 51.48863], [16.15432, 51.48857], [16.15424, 51.48855], [16.1542, 51.48846], [16.15412, 51.48837], [16.15407, 51.48839]]]]}, "properties": {"nadlesnictwo": "Lubin", "oddzial": "76", "pododdzial": "j", "gatunek": "DB", "wiek": 100, "powierzchnia_ha": 1.17, "ochronnosc": "OCH CENNE", "siedlisko": "LMŚW", "powod": "drzewostan ≥100 lat", "wiek_z_planu": 100}}, {"type": "Feature", "geometry": {"type": "MultiPolygon", "coordinates": [[[[16.06463, 51.54931], [16.06472, 51.54899], [16.06494, 51.54825], [16.06496, 51.54819], [16.06514, 51.54794], [16.06404, 51.54807], [16.06366, 51.54811], [16.06353, 51.54811], [16.06345, 51.54854], [16.06316, 51.55009], [16.06298, 51.55094], [16.06356, 51.55086], [16.06367, 51.55085], [16.06419, 51.55078], [16.0642, 51.55076], [16.06424, 51.55062], [16.06463, 51.54931]]]]}, "properties": {"nadlesnictwo": "Lubin", "oddzial": "37", "pododdzial": "a", "gatunek": "SO", "wiek": 22, "powierzchnia_ha": 2.8, "ochronnosc": "OCH USZK", "siedlisko": "LMŚW", "powod": "drzewostan ≥100 lat", "wiek_z_planu": 100}}, {"type": "Feature", "geometry": {"type": "MultiPolygon", "coordinates": [[[[16.3935, 51.55993], [16.39348, 51.55994], [16.39345, 51.55995], [16.39302, 51.56014], [16.39301, 51.56029], [16.39249, 51.56045], [16.3925, 51.56091], [16.39222, 51.56097], [16.39207, 51.56101], [16.39203, 51.56133], [16.39162, 51.56145], [16.39169, 51.56154], [16.39227, 51.56145], [16.39234, 51.56135], [16.39267, 51.56125], [16.39307, 51.56122], [16.39325, 51.56124], [16.3935, 51.56132], [16.3938, 51.56138], [16.39412, 51.56132], [16.39429, 51.56125], [16.39439, 51.56113], [16.39438, 51.56051], [16.39473, 51.56044], [16.39578, 51.56021], [16.39593, 51.56019], [16.39605, 51.56019], [16.39605, 51.56015], [16.39608, 51.55963], [16.39578, 51.55964], [16.39553, 51.55963], [16.39529, 51.55961], [16.39499, 51.55961], [16.39432, 51.55969], [16.39413, 51.55973], [16.3935, 51.55993]]]]}, "properties": {"nadlesnictwo": "Lubin", "oddzial": "37", "pododdzial": "h", "gatunek": "DB", "wiek": 100, "powierzchnia_ha": 2.96, "ochronnosc": "OCH USZK", "siedlisko": "LMŚW", "powod": "drzewostan ≥100 lat", "wiek_z_planu": 100}}, {"type": "Feature", "geometry": {"type": "MultiPolygon", "coordinates": [[[[16.32386, 51.53982], [16.32387, 51.53981], [16.32385, 51.53982], [16.32222, 51.54016], [16.32209, 51.5402], [16.32182, 51.54028], [16.32097, 51.54031], [16.32068, 51.54027], [16.32059, 51.54041], [16.32033, 51.54056], [16.31976, 51.5409], [16.31938, 51.54121], [16.32055, 51.54142], [16.32114, 51.54172], [16.32128, 51.54178], [16.32129, 51.54192], [16.32175, 51.54188], [16.32186, 51.54178], [16.32386, 51.53982]]]]}, "properties": {"nadlesnictwo": "Lubin", "oddzial": "54", "pododdzial": "d", "gatunek": "DB", "wiek": 100, "powierzchnia_ha": 3.07, "ochronnosc": "OCH WOD", "siedlisko": "LW", "powod": "drzewostan ≥100 lat", "wiek_z_planu": 100}}, {"type": "Feature", "geometry": {"type": "MultiPolygon", "coordinates": [[[[16.15983, 51.50663], [16.16036, 51.50722], [16.1605, 51.50698], [16.16029, 51.50652], [16.16, 51.50589], [16.16054, 51.50575], [16.16029, 51.50557], [16.15956, 51.50506], [16.15942, 51.50541], [16.15963, 51.50603], [16.15983, 51.50663]]]]}, "properties": {"nadlesnictwo": "Lubin", "oddzial": "54", "pododdzial": "g", "gatunek": "GB", "wiek": 70, "powierzchnia_ha": 0.8, "ochronnosc": "OCH CENNE", "siedlisko": "LŚW", "powod": "drzewostan ≥100 lat", "wiek_z_planu": 110}}, {"type": "Feature", "geometry": {"type": "MultiPolygon", "coordinates": [[[[16.19719, 51.46678], [16.19641, 51.46658], [16.19601, 51.46648], [16.19599, 51.46647], [16.19586, 51.46657], [16.19565, 51.46668], [16.19553, 51.46668], [16.19288, 51.46751], [16.19292, 51.46755], [16.19352, 51.46816], [16.19365, 51.46829], [16.19371, 51.46834], [16.19371, 51.46834], [16.19375, 51.46838], [16.1938, 51.46843], [16.1938, 51.46843], [16.19412, 51.46874], [16.19419, 51.46893], [16.19429, 51.46906], [16.19439, 51.4692], [16.19469, 51.46942], [16.19495, 51.46971], [16.19528, 51.47007], [16.19566, 51.47054], [16.1957, 51.47059], [16.19573, 51.47063], [16.19575, 51.47065], [16.19593, 51.47088], [16.19626, 51.47146], [16.19723, 51.47118], [16.19724, 51.47118], [16.1971, 51.4709], [16.19669, 51.47072], [16.19704, 51.47062], [16.19702, 51.47044], [16.19697, 51.47036], [16.19731, 51.47023], [16.19774, 51.47017], [16.1979, 51.47016], [16.19789, 51.47015], [16.19787, 51.47014], [16.19809, 51.47007], [16.19811, 51.47006], [16.19837, 51.46996], [16.19868, 51.46984], [16.19882, 51.46977], [16.199, 51.46968], [16.19924, 51.46955], [16.19975, 51.46923], [16.20015, 51.46906], [16.20026, 51.46903], [16.20028, 51.46902], [16.20027, 51.469], [16.20038, 51.46896], [16.20106, 51.46869], [16.20178, 51.46849], [16.20161, 51.46843], [16.2015, 51.46824], [16.20149, 51.46816], [16.2014, 51.46799], [16.20124, 51.46797], [16.20102, 51.468], [16.2006, 51.46802], [16.19999, 51.46795], [16.19978, 51.46788], [16.19966, 51.4679], [16.19966, 51.46797], [16.19944, 51.46802], [16.19925, 51.468], [16.19911, 51.46789], [16.1992, 51.46782], [16.19923, 51.4677], [16.19899, 51.46748], [16.19875, 51.46741], [16.19828, 51.4675], [16.19748, 51.46747], [16.19753, 51.46731], [16.19723, 51.46718], [16.19719, 51.46678]]]]}, "properties": {"nadlesnictwo": "Lubin", "oddzial": "108", "pododdzial": "f", "gatunek": "DB", "wiek": 150, "powierzchnia_ha": 15.38, "ochronnosc": "OCH MIAST", "siedlisko": "LŚW", "powod": "drzewostan ≥100 lat", "wiek_z_planu": 100}}, {"type": "Feature", "geometry": {"type": "MultiPolygon", "coordinates": [[[[16.2792, 51.52603], [16.27912, 51.52587], [16.27961, 51.52578], [16.2794, 51.5255], [16.27939, 51.5255], [16.27845, 51.52566], [16.27738, 51.52583], [16.27636, 51.526], [16.27681, 51.52733], [16.27716, 51.52735], [16.27718, 51.52736], [16.27722, 51.52736], [16.27799, 51.52729], [16.27925, 51.5272], [16.27938, 51.52719], [16.2795, 51.52689], [16.27949, 51.52682], [16.27949, 51.52679], [16.27944, 51.52653], [16.2792, 51.52603]]]]}, "properties": {"nadlesnictwo": "Lubin", "oddzial": "161", "pododdzial": "b", "gatunek": "DB", "wiek": 100, "powierzchnia_ha": 3.36, "ochronnosc": null, "siedlisko": "LMŚW", "powod": "drzewostan ≥100 lat", "wiek_z_planu": 100}}, {"type": "Feature", "geometry": {"type": "MultiPolygon", "coordinates": [[[[16.34279, 51.56608], [16.34316, 51.566], [16.34426, 51.56559], [16.34434, 51.56556], [16.34401, 51.56448], [16.34257, 51.56475], [16.3427, 51.56537], [16.34247, 51.56541], [16.34277, 51.56608], [16.34278, 51.56608], [16.34278, 51.56608], [16.34279, 51.56608]]]]}, "properties": {"nadlesnictwo": "Lubin", "oddzial": "42", "pododdzial": "b", "gatunek": "BRZ", "wiek": 58, "powierzchnia_ha": 1.55, "ochronnosc": "OCH USZK", "siedlisko": "BMŚW", "powod": "drzewostan ≥100 lat", "wiek_z_planu": 160}}, {"type": "Feature", "geometry": {"type": "MultiPolygon", "coordinates": [[[[16.2336, 51.48181], [16.23374, 51.48178], [16.23386, 51.48173], [16.23428, 51.4815], [16.23536, 51.48096], [16.23534, 51.48095], [16.2347, 51.48051], [16.23457, 51.48063], [16.23445, 51.48074], [16.2343, 51.48088], [16.23411, 51.48106], [16.23347, 51.48167], [16.23275, 51.48235], [16.23241, 51.48266], [16.23231, 51.48276], [16.23227, 51.4828], [16.23219, 51.48287], [16.23214, 51.48292], [16.23215, 51.48292], [16.23222, 51.48296], [16.23224, 51.48297], [16.23238, 51.48282], [16.23238, 51.48281], [16.23251, 51.48273], [16.23291, 51.48259], [16.23328, 51.48245], [16.23361, 51.48232], [16.23365, 51.48232], [16.2336, 51.48181]]]]}, "properties": {"nadlesnictwo": "Lubin", "oddzial": "42", "pododdzial": "j", "gatunek": "SO", "wiek": 40, "powierzchnia_ha": 1.08, "ochronnosc": "OCH MIAST", "siedlisko": "BMŚW", "powod": "drzewostan ≥100 lat", "wiek_z_planu": 130}}, {"type": "Feature", "geometry": {"type": "MultiPolygon", "coordinates": [[[[16.16839, 51.48656], [16.16857, 51.48667], [16.16904, 51.4858], [16.16962, 51.48513], [16.17029, 51.4847], [16.16893, 51.48428], [16.1687, 51.48457], [16.16855, 51.48476], [16.16855, 51.48476], [16.16825, 51.48514], [16.1678, 51.4857], [16.16752, 51.48605], [16.16751, 51.48607], [16.16757, 51.48611], [16.16789, 51.48627], [16.16839, 51.48656]]]]}, "properties": {"nadlesnictwo": "Lubin", "oddzial": "72", "pododdzial": "g", "gatunek": "SO", "wiek": 3, "powierzchnia_ha": 2.05, "ochronnosc": "OCH MIAST", "siedlisko": "BMŚW", "powod": "drzewostan ≥100 lat", "wiek_z_planu": 155}}, {"type": "Feature", "geometry": {"type": "MultiPolygon", "coordinates": [[[[16.1594, 51.53471], [16.15972, 51.53399], [16.15952, 51.53399], [16.15949, 51.53393], [16.15928, 51.53353], [16.15883, 51.53369], [16.15833, 51.53314], [16.15901, 51.53288], [16.15895, 51.5328], [16.15857, 51.53234], [16.15856, 51.53235], [16.15789, 51.53262], [16.15749, 51.53279], [16.15692, 51.53294], [16.15649, 51.53309], [16.15601, 51.53332], [16.15559, 51.5335], [16.15546, 51.5335], [16.15563, 51.53361], [16.15571, 51.53366], [16.15652, 51.5345], [16.15653, 51.53451], [16.15705, 51.53502], [16.15742, 51.53526], [16.15699, 51.53536], [16.15716, 51.53564], [16.15779, 51.5355], [16.15868, 51.53529], [16.15901, 51.53516], [16.15928, 51.53489], [16.1594, 51.53471]]]]}, "properties": {"nadlesnictwo": "Lubin", "oddzial": "10", "pododdzial": "h", "gatunek": "DB", "wiek": 97, "powierzchnia_ha": 5.7, "ochronnosc": "OCH USZK", "siedlisko": "LMŚW", "powod": "drzewostan ≥100 lat", "wiek_z_planu": 140}}, {"type": "Feature", "geometry": {"type": "MultiPolygon", "coordinates": [[[[16.15462, 51.53493], [16.15481, 51.53518], [16.15515, 51.53566], [16.15527, 51.53581], [16.15576, 51.53571], [16.15599, 51.53567], [16.1561, 51.53565], [16.1562, 51.53562], [16.15675, 51.53544], [16.15699, 51.53536], [16.15742, 51.53526], [16.15705, 51.53502], [16.15653, 51.53451], [16.15652, 51.5345], [16.15571, 51.53366], [16.15566, 51.53368], [16.1546, 51.53423], [16.15474, 51.5344], [16.15486, 51.53457], [16.15509, 51.53487], [16.15462, 51.53493]]]]}, "properties": {"nadlesnictwo": "Lubin", "oddzial": "10", "pododdzial": "i", "gatunek": "SO", "wiek": 15, "powierzchnia_ha": 2.51, "ochronnosc": "OCH USZK", "siedlisko": "LMŚW", "powod": "drzewostan ≥100 lat", "wiek_z_planu": 140}}, {"type": "Feature", "geometry": {"type": "MultiPolygon", "coordinates": [[[[16.36991, 51.57717], [16.37013, 51.57711], [16.37048, 51.57679], [16.37092, 51.57651], [16.37101, 51.57648], [16.37103, 51.57647], [16.37106, 51.57646], [16.37097, 51.57637], [16.37085, 51.57627], [16.37083, 51.57625], [16.3695, 51.575], [16.36949, 51.57498], [16.36899, 51.57452], [16.36896, 51.57453], [16.36721, 51.57504], [16.36692, 51.57544], [16.3675, 51.57579], [16.36771, 51.57589], [16.36786, 51.57618], [16.36812, 51.57627], [16.36865, 51.57637], [16.36908, 51.57637], [16.37007, 51.57683], [16.37013, 51.57686], [16.37006, 51.57693], [16.37001, 51.57699], [16.36997, 51.57703], [16.36995, 51.57705], [16.36985, 51.57712], [16.36983, 51.57713], [16.36974, 51.57717], [16.36949, 51.57727], [16.36991, 51.57717]]]]}, "properties": {"nadlesnictwo": "Lubin", "oddzial": "19", "pododdzial": "a", "gatunek": "SO", "wiek": 60, "powierzchnia_ha": 3.74, "ochronnosc": "OCH USZK", "siedlisko": "BŚW", "powod": "drzewostan ≥100 lat", "wiek_z_planu": 110}}, {"type": "Feature", "geometry": {"type": "MultiPolygon", "coordinates": [[[[16.15023, 51.48553], [16.1495, 51.48594], [16.14883, 51.48623], [16.14846, 51.48639], [16.14767, 51.48659], [16.14726, 51.48681], [16.14692, 51.48706], [16.14654, 51.4873], [16.14652, 51.48731], [16.14615, 51.48753], [16.14545, 51.48781], [16.14541, 51.48783], [16.14538, 51.48784], [16.14543, 51.48785], [16.14623, 51.488], [16.14788, 51.48832], [16.14806, 51.48835], [16.1482, 51.48839], [16.14948, 51.48864], [16.1495, 51.48864], [16.15031, 51.48813], [16.15111, 51.48763], [16.15156, 51.48727], [16.15179, 51.48702], [16.15203, 51.48671], [16.15243, 51.48626], [16.15271, 51.48595], [16.15269, 51.48594], [16.15033, 51.48548], [16.15023, 51.48553]], [[16.14795, 51.48759], [16.14737, 51.48739], [16.14808, 51.48704], [16.14887, 51.48726], [16.14892, 51.48741], [16.14938, 51.48751], [16.14939, 51.48762], [16.14908, 51.48775], [16.14881, 51.4877], [16.14862, 51.48778], [16.14795, 51.48759]]]]}, "properties": {"nadlesnictwo": "Lubin", "oddzial": "78", "pododdzial": "h", "gatunek": "DB", "wiek": 75, "powierzchnia_ha": 8.13, "ochronnosc": "OCH CENNE", "siedlisko": "LMŚW", "powod": "drzewostan ≥100 lat", "wiek_z_planu": 140}}, {"type": "Feature", "geometry": {"type": "MultiPolygon", "coordinates": [[[[16.34303, 51.53129], [16.343, 51.53106], [16.34275, 51.53107], [16.34257, 51.53107], [16.34216, 51.53109], [16.34209, 51.53092], [16.34206, 51.53095], [16.34192, 51.53097], [16.34181, 51.53095], [16.34172, 51.53091], [16.34159, 51.53088], [16.3416, 51.5311], [16.3416, 51.53126], [16.34162, 51.53154], [16.34166, 51.53204], [16.34166, 51.53211], [16.34173, 51.53211], [16.34326, 51.53233], [16.34332, 51.53172], [16.34304, 51.53159], [16.34303, 51.53129]]]]}, "properties": {"nadlesnictwo": "Lubin", "oddzial": "88", "pododdzial": "a", "gatunek": "SO.C", "wiek": 150, "powierzchnia_ha": 1.2, "ochronnosc": "OCH NAS", "siedlisko": "LMŚW", "powod": "drzewostan ≥100 lat", "wiek_z_planu": 140}}, {"type": "Feature", "geometry": {"type": "MultiPolygon", "coordinates": [[[[16.26127, 51.48823], [16.26183, 51.48833], [16.26234, 51.48846], [16.26301, 51.48874], [16.26314, 51.48888], [16.26315, 51.48885], [16.26315, 51.48882], [16.26321, 51.48845], [16.26322, 51.48844], [16.26364, 51.48708], [16.26365, 51.48704], [16.26374, 51.48656], [16.26374, 51.48651], [16.26376, 51.48577], [16.2638, 51.48531], [16.2638, 51.48531], [16.26367, 51.48538], [16.26354, 51.4855], [16.26354, 51.4855], [16.26323, 51.48578], [16.26313, 51.48587], [16.26195, 51.48695], [16.2618, 51.48704], [16.26176, 51.48707], [16.26064, 51.48775], [16.2606, 51.48778], [16.26047, 51.48786], [16.26046, 51.48786], [16.26051, 51.48788], [16.26127, 51.48823]]]]}, "properties": {"nadlesnictwo": "Lubin", "oddzial": "92", "pododdzial": "a", "gatunek": "BRZ", "wiek": 30, "powierzchnia_ha": 3.82, "ochronnosc": "OCH MIAST", "siedlisko": "BMŚW", "powod": "drzewostan ≥100 lat", "wiek_z_planu": 140}}, {"type": "Feature", "geometry": {"type": "MultiPolygon", "coordinates": [[[[16.09864, 51.51255], [16.09859, 51.51251], [16.09844, 51.51238], [16.09843, 51.51239], [16.09835, 51.51239], [16.09726, 51.51248], [16.09652, 51.51265], [16.09557, 51.51279], [16.09556, 51.51279], [16.09537, 51.51282], [16.09535, 51.51282], [16.09502, 51.51286], [16.09311, 51.51307], [16.09283, 51.51318], [16.09281, 51.51381], [16.09274, 51.51386], [16.09313, 51.51397], [16.09417, 51.51376], [16.09471, 51.51365], [16.09602, 51.51338], [16.09614, 51.51336], [16.09632, 51.51332], [16.09666, 51.51325], [16.09836, 51.51297], [16.09883, 51.51297], [16.09903, 51.51287], [16.09864, 51.51255]]]]}, "properties": {"nadlesnictwo": "Lubin", "oddzial": "21", "pododdzial": "n", "gatunek": "SO", "wiek": 9, "powierzchnia_ha": 3.26, "ochronnosc": "OCH MIAST", "siedlisko": "BMŚW", "powod": "drzewostan ≥100 lat", "wiek_z_planu": 135}}, {"type": "Feature", "geometry": {"type": "MultiPolygon", "coordinates": [[[[16.09535, 51.51282], [16.09508, 51.51271], [16.09509, 51.51223], [16.09492, 51.51176], [16.09372, 51.51185], [16.09345, 51.51222], [16.09337, 51.51234], [16.09321, 51.51257], [16.09283, 51.51311], [16.09283, 51.51314], [16.09283, 51.51316], [16.09283, 51.51318], [16.09311, 51.51307], [16.09502, 51.51286], [16.09535, 51.51282]]]]}, "properties": {"nadlesnictwo": "Lubin", "oddzial": "21", "pododdzial": "o", "gatunek": "SO", "wiek": 18, "powierzchnia_ha": 1.45, "ochronnosc": "OCH MIAST", "siedlisko": "BMŚW", "powod": "drzewostan ≥100 lat", "wiek_z_planu": 110}}, {"type": "Feature", "geometry": {"type": "MultiPolygon", "coordinates": [[[[16.096, 51.51999], [16.09595, 51.52], [16.09593, 51.52001], [16.09543, 51.51962], [16.09543, 51.51962], [16.09532, 51.51956], [16.09529, 51.51954], [16.09434, 51.51977], [16.09335, 51.52008], [16.0909, 51.52073], [16.09009, 51.52094], [16.08951, 51.52103], [16.0892, 51.52112], [16.08889, 51.52126], [16.08921, 51.5217], [16.09084, 51.5213], [16.09093, 51.52128], [16.09334, 51.52068], [16.09456, 51.52038], [16.09597, 51.52004], [16.09614, 51.51999], [16.09612, 51.51998], [16.0961, 51.51997], [16.096, 51.51999]]]]}, "properties": {"nadlesnictwo": "Lubin", "oddzial": "25", "pododdzial": "a", "gatunek": "SO", "wiek": 22, "powierzchnia_ha": 2.98, "ochronnosc": "OCH MIAST", "siedlisko": "BMŚW", "powod": "drzewostan ≥100 lat", "wiek_z_planu": 100}}, {"type": "Feature", "geometry": {"type": "MultiPolygon", "coordinates": [[[[16.09194, 51.51914], [16.09174, 51.5192], [16.09131, 51.51942], [16.09125, 51.51945], [16.09094, 51.51962], [16.09048, 51.51983], [16.09036, 51.51992], [16.09009, 51.52009], [16.08999, 51.52017], [16.08978, 51.52018], [16.08963, 51.52015], [16.08871, 51.51969], [16.08855, 51.51957], [16.08823, 51.5193], [16.08807, 51.51919], [16.08798, 51.5191], [16.08765, 51.51894], [16.08759, 51.51891], [16.08763, 51.519], [16.08765, 51.51903], [16.08784, 51.5194], [16.08791, 51.51968], [16.08802, 51.52002], [16.08829, 51.5204], [16.08831, 51.52043], [16.08835, 51.5205], [16.0887, 51.521], [16.08878, 51.52111], [16.08889, 51.52126], [16.0892, 51.52112], [16.08951, 51.52103], [16.09009, 51.52094], [16.0909, 51.52073], [16.09335, 51.52008], [16.09434, 51.51977], [16.09529, 51.51954], [16.09528, 51.51953], [16.09458, 51.51913], [16.09399, 51.51878], [16.09392, 51.51874], [16.09387, 51.51871], [16.09368, 51.51878], [16.09364, 51.51879], [16.09316, 51.51888], [16.09311, 51.51889], [16.09243, 51.51903], [16.09194, 51.51914]]]]}, "properties": {"nadlesnictwo": "Lubin", "oddzial": "25", "pododdzial": "b", "gatunek": "SO", "wiek": 10, "powierzchnia_ha": 6.21, "ochronnosc": "OCH MIAST", "siedlisko": "BMŚW", "powod": "drzewostan ≥100 lat", "wiek_z_planu": 130}}, {"type": "Feature", "geometry": {"type": "MultiPolygon", "coordinates": [[[[16.09036, 51.51992], [16.09048, 51.51983], [16.09094, 51.51962], [16.09125, 51.51945], [16.09131, 51.51942], [16.09091, 51.51912], [16.09051, 51.51889], [16.09048, 51.51861], [16.09031, 51.51857], [16.09005, 51.51842], [16.08972, 51.51839], [16.08951, 51.51832], [16.08937, 51.51822], [16.08875, 51.51746], [16.08869, 51.51749], [16.08862, 51.51751], [16.08825, 51.51763], [16.08819, 51.51768], [16.08804, 51.51781], [16.08784, 51.51803], [16.08743, 51.5185], [16.08743, 51.5185], [16.08747, 51.51859], [16.08752, 51.51877], [16.08759, 51.51891], [16.08765, 51.51894], [16.08798, 51.5191], [16.08807, 51.51919], [16.08823, 51.5193], [16.08855, 51.51957], [16.08871, 51.51969], [16.08963, 51.52015], [16.08978, 51.52018], [16.08999, 51.52017], [16.09009, 51.52009], [16.09036, 51.51992]]]]}, "properties": {"nadlesnictwo": "Lubin", "oddzial": "25", "pododdzial": "c", "gatunek": "SO", "wiek": 4, "powierzchnia_ha": 4.15, "ochronnosc": "OCH MIAST", "siedlisko": "BMŚW", "powod": "drzewostan ≥100 lat", "wiek_z_planu": 130}}, {"type": "Feature", "geometry": {"type": "MultiPolygon", "coordinates": [[[[16.35456, 51.53023], [16.35471, 51.53024], [16.35484, 51.53027], [16.35486, 51.53021], [16.35521, 51.52958], [16.35573, 51.5286], [16.35576, 51.52855], [16.35626, 51.52766], [16.35666, 51.52721], [16.35719, 51.52661], [16.35589, 51.52659], [16.35561, 51.52661], [16.35552, 51.52661], [16.35536, 51.52661], [16.35524, 51.52661], [16.35496, 51.5266], [16.35491, 51.52674], [16.35432, 51.5284], [16.35411, 51.52943], [16.35407, 51.52983], [16.35402, 51.5302], [16.35421, 51.53021], [16.35456, 51.53023]]]]}, "properties": {"nadlesnictwo": "Lubin", "oddzial": "86", "pododdzial": "b", "gatunek": "SO.C", "wiek": 36, "powierzchnia_ha": 4, "ochronnosc": null, "siedlisko": "LMŚW", "powod": "drzewostan ≥100 lat", "wiek_z_planu": 130}}, {"type": "Feature", "geometry": {"type": "MultiPolygon", "coordinates": [[[[16.16735, 51.4801], [16.16763, 51.48009], [16.16788, 51.48008], [16.16914, 51.48], [16.16914, 51.47985], [16.16916, 51.47946], [16.16915, 51.47932], [16.169, 51.47919], [16.16834, 51.47907], [16.16798, 51.47902], [16.16756, 51.47908], [16.16729, 51.47913], [16.16695, 51.479], [16.16673, 51.47903], [16.16666, 51.47914], [16.16646, 51.47928], [16.16625, 51.47934], [16.1662, 51.47982], [16.16617, 51.47992], [16.16613, 51.47999], [16.16614, 51.48006], [16.16615, 51.48013], [16.16616, 51.48016], [16.1662, 51.48016], [16.16662, 51.48014], [16.16735, 51.4801]]]]}, "properties": {"nadlesnictwo": "Lubin", "oddzial": "86", "pododdzial": "j", "gatunek": "SO", "wiek": 3, "powierzchnia_ha": 2.2, "ochronnosc": "OCH MIAST", "siedlisko": "BMŚW", "powod": "drzewostan ≥100 lat", "wiek_z_planu": 125}}, {"type": "Feature", "geometry": {"type": "MultiPolygon", "coordinates": [[[[16.36973, 51.60111], [16.36887, 51.60111], [16.36884, 51.6013], [16.36899, 51.60131], [16.36871, 51.60163], [16.36873, 51.60164], [16.36876, 51.60166], [16.3688, 51.60169], [16.36949, 51.60229], [16.37019, 51.60256], [16.37073, 51.60301], [16.37143, 51.60345], [16.37225, 51.60384], [16.37323, 51.60387], [16.37331, 51.60393], [16.37324, 51.6041], [16.37329, 51.60411], [16.37332, 51.60411], [16.3735, 51.60385], [16.37399, 51.60312], [16.37475, 51.60199], [16.37469, 51.60198], [16.37364, 51.60174], [16.37354, 51.60158], [16.37254, 51.60135], [16.37264, 51.6012], [16.37195, 51.60101], [16.37156, 51.6009], [16.37085, 51.60085], [16.37047, 51.60088], [16.37007, 51.60092], [16.37053, 51.60106], [16.37082, 51.60115], [16.3717, 51.60135], [16.37151, 51.60166], [16.37031, 51.6013], [16.37037, 51.60116], [16.36973, 51.60111]]]]}, "properties": {"nadlesnictwo": "Lubin", "oddzial": "7", "pododdzial": "d", "gatunek": "DB", "wiek": 135, "powierzchnia_ha": 7.8, "ochronnosc": "OCH CENNE", "siedlisko": "LŁ", "powod": "drzewostan ≥100 lat", "wiek_z_planu": 125}}, {"type": "Feature", "geometry": {"type": "MultiPolygon", "coordinates": [[[[16.32079, 51.59165], [16.32033, 51.59171], [16.31989, 51.59176], [16.31986, 51.59177], [16.31988, 51.59179], [16.32015, 51.59205], [16.32093, 51.59244], [16.32162, 51.59278], [16.32231, 51.59301], [16.32246, 51.59306], [16.32253, 51.59308], [16.3231, 51.59328], [16.32327, 51.59333], [16.32368, 51.59346], [16.32391, 51.59354], [16.32417, 51.59366], [16.32434, 51.59376], [16.32436, 51.59378], [16.32545, 51.59355], [16.32548, 51.59355], [16.32551, 51.59354], [16.32551, 51.59353], [16.32538, 51.59297], [16.32531, 51.59267], [16.3253, 51.59261], [16.32526, 51.59238], [16.32526, 51.59237], [16.32525, 51.59235], [16.32525, 51.59234], [16.32524, 51.59231], [16.32521, 51.59213], [16.32516, 51.59205], [16.32513, 51.59205], [16.32491, 51.59205], [16.32453, 51.5919], [16.32329, 51.59194], [16.32303, 51.59186], [16.32284, 51.59168], [16.3228, 51.59152], [16.32277, 51.59141], [16.32167, 51.59155], [16.32079, 51.59165]]]]}, "properties": {"nadlesnictwo": "Lubin", "oddzial": "32", "pododdzial": "h", "gatunek": "SO", "wiek": 67, "powierzchnia_ha": 5.36, "ochronnosc": "OCH USZK", "siedlisko": "BMŚW", "powod": "drzewostan ≥100 lat", "wiek_z_planu": 125}}, {"type": "Feature", "geometry": {"type": "MultiPolygon", "coordinates": [[[[16.38611, 51.53566], [16.38615, 51.53527], [16.38544, 51.5354], [16.38485, 51.53553], [16.38464, 51.53588], [16.38458, 51.53597], [16.38587, 51.53604], [16.38595, 51.53605], [16.38611, 51.53566]]]]}, "properties": {"nadlesnictwo": "Lubin", "oddzial": "80", "pododdzial": "f", "gatunek": "DB", "wiek": 78, "powierzchnia_ha": 0.63, "ochronnosc": "OCH WOD", "siedlisko": "LW", "powod": "drzewostan ≥100 lat", "wiek_z_planu": 125}}, {"type": "Feature", "geometry": {"type": "MultiPolygon", "coordinates": [[[[16.07537, 51.53688], [16.07574, 51.53725], [16.07593, 51.5374], [16.07622, 51.53753], [16.07656, 51.53766], [16.07683, 51.53754], [16.07645, 51.53735], [16.07594, 51.53703], [16.07586, 51.53688], [16.07575, 51.5366], [16.07574, 51.53645], [16.07589, 51.5363], [16.07606, 51.53619], [16.07601, 51.53611], [16.07601, 51.53611], [16.07567, 51.53618], [16.07494, 51.53635], [16.07433, 51.53645], [16.07406, 51.53649], [16.0739, 51.53651], [16.07351, 51.5366], [16.0735, 51.53656], [16.07239, 51.53668], [16.07201, 51.53672], [16.07193, 51.53673], [16.07198, 51.53674], [16.07246, 51.53681], [16.07311, 51.5369], [16.07343, 51.53669], [16.07421, 51.5368], [16.07492, 51.5368], [16.07537, 51.53688]]]]}, "properties": {"nadlesnictwo": "Lubin", "oddzial": "31", "pododdzial": "h", "gatunek": "SO", "wiek": 3, "powierzchnia_ha": 1.24, "ochronnosc": "OCH USZK", "siedlisko": "BMŚW", "powod": "drzewostan ≥100 lat", "wiek_z_planu": 120}}, {"type": "Feature", "geometry": {"type": "MultiPolygon", "coordinates": [[[[16.36142, 51.53998], [16.36142, 51.53998], [16.36157, 51.5401], [16.36159, 51.54012], [16.35906, 51.54005], [16.3588, 51.54042], [16.35951, 51.54043], [16.36171, 51.54017], [16.36179, 51.54016], [16.36312, 51.54027], [16.36388, 51.54026], [16.36371, 51.53942], [16.3635, 51.53943], [16.36296, 51.53944], [16.36268, 51.53942], [16.36238, 51.53939], [16.36216, 51.53934], [16.36198, 51.53928], [16.36187, 51.5392], [16.36178, 51.53912], [16.36169, 51.53908], [16.36148, 51.53898], [16.36111, 51.53906], [16.36101, 51.53893], [16.36094, 51.53877], [16.3608, 51.53851], [16.36039, 51.53809], [16.3602, 51.53838], [16.36012, 51.53849], [16.35972, 51.53908], [16.35948, 51.53943], [16.35943, 51.5395], [16.35952, 51.53947], [16.36042, 51.53923], [16.36101, 51.53909], [16.36084, 51.53932], [16.36079, 51.53942], [16.36079, 51.5395], [16.36089, 51.53959], [16.36105, 51.53969], [16.36126, 51.53985], [16.36142, 51.53998]]]]}, "properties": {"nadlesnictwo": "Lubin", "oddzial": "68", "pododdzial": "b", "gatunek": "SO", "wiek": 93, "powierzchnia_ha": 3.14, "ochronnosc": "OCH USZK", "siedlisko": "BMŚW", "powod": "drzewostan ≥100 lat", "wiek_z_planu": 120}}, {"type": "Feature", "geometry": {"type": "MultiPolygon", "coordinates": [[[[16.36633, 51.53922], [16.36446, 51.53935], [16.36432, 51.53936], [16.36412, 51.53937], [16.36381, 51.53942], [16.36371, 51.53942], [16.36388, 51.54026], [16.36392, 51.54026], [16.36519, 51.5399], [16.36663, 51.53946], [16.36667, 51.53944], [16.36679, 51.53928], [16.36746, 51.53833], [16.3679, 51.53772], [16.36802, 51.53754], [16.36811, 51.53742], [16.36793, 51.53744], [16.36657, 51.53755], [16.36581, 51.53763], [16.36609, 51.53835], [16.36647, 51.5392], [16.36633, 51.53922], [16.36633, 51.53922]]]]}, "properties": {"nadlesnictwo": "Lubin", "oddzial": "68", "pododdzial": "a", "gatunek": "SO", "wiek": 40, "powierzchnia_ha": 2.9, "ochronnosc": "OCH USZK", "siedlisko": "BMŚW", "powod": "drzewostan ≥100 lat", "wiek_z_planu": 120}}, {"type": "Feature", "geometry": {"type": "MultiPolygon", "coordinates": [[[[16.36372, 51.53841], [16.3634, 51.53792], [16.36325, 51.53768], [16.36314, 51.53743], [16.36278, 51.53748], [16.36256, 51.53751], [16.36222, 51.53757], [16.36169, 51.53757], [16.36164, 51.53757], [16.36123, 51.53755], [16.36103, 51.53756], [16.36096, 51.53757], [16.36071, 51.53763], [16.36071, 51.53763], [16.36039, 51.53809], [16.3608, 51.53851], [16.36094, 51.53877], [16.36101, 51.53893], [16.36111, 51.53906], [16.36148, 51.53898], [16.36169, 51.53908], [16.36178, 51.53912], [16.36187, 51.5392], [16.36198, 51.53928], [16.36216, 51.53934], [16.36238, 51.53939], [16.36268, 51.53942], [16.36296, 51.53944], [16.3635, 51.53943], [16.36371, 51.53942], [16.36381, 51.53942], [16.36412, 51.53937], [16.36432, 51.53936], [16.36419, 51.53904], [16.36415, 51.53879], [16.36401, 51.53857], [16.3638, 51.53852], [16.36372, 51.53841]]]]}, "properties": {"nadlesnictwo": "Lubin", "oddzial": "68", "pododdzial": "d", "gatunek": "SO", "wiek": 28, "powierzchnia_ha": 4.01, "ochronnosc": "OCH USZK", "siedlisko": "BMŚW", "powod": "drzewostan ≥100 lat", "wiek_z_planu": 138}}, {"type": "Feature", "geometry": {"type": "MultiPolygon", "coordinates": [[[[16.19363, 51.48604], [16.19379, 51.48631], [16.19398, 51.48645], [16.19418, 51.48671], [16.19419, 51.48673], [16.19466, 51.48666], [16.19468, 51.48666], [16.19467, 51.48665], [16.19467, 51.48664], [16.19466, 51.48663], [16.19465, 51.4866], [16.19462, 51.48656], [16.19459, 51.48649], [16.19458, 51.48631], [16.19458, 51.48625], [16.19458, 51.48625], [16.19456, 51.48622], [16.19432, 51.48592], [16.19375, 51.48519], [16.19327, 51.48521], [16.19363, 51.48603], [16.19363, 51.48604]]]]}, "properties": {"nadlesnictwo": "Lubin", "oddzial": "68", "pododdzial": "f", "gatunek": "DB", "wiek": 70, "powierzchnia_ha": 0.72, "ochronnosc": "OCH MIAST", "siedlisko": "LMŚW", "powod": "drzewostan ≥100 lat", "wiek_z_planu": 105}}, {"type": "Feature", "geometry": {"type": "MultiPolygon", "coordinates": [[[[16.39107, 51.54058], [16.39084, 51.54065], [16.39177, 51.54086], [16.39293, 51.54113], [16.39335, 51.54043], [16.39374, 51.53978], [16.39381, 51.53967], [16.39361, 51.53968], [16.39328, 51.53971], [16.39315, 51.53974], [16.39302, 51.53978], [16.39238, 51.54007], [16.39217, 51.54015], [16.39189, 51.54025], [16.39149, 51.54042], [16.39107, 51.54058]]]]}, "properties": {"nadlesnictwo": "Lubin", "oddzial": "79", "pododdzial": "a", "gatunek": "SO", "wiek": 103, "powierzchnia_ha": 1.36, "ochronnosc": "OCH USZK", "siedlisko": "LMŚW", "powod": "drzewostan ≥100 lat", "wiek_z_planu": 120}}, {"type": "Feature", "geometry": {"type": "MultiPolygon", "coordinates": [[[[16.38937, 51.54021], [16.38956, 51.54016], [16.3897, 51.53998], [16.38984, 51.53983], [16.39011, 51.53961], [16.39018, 51.53954], [16.39019, 51.53945], [16.39011, 51.53931], [16.39002, 51.53933], [16.38984, 51.53935], [16.38952, 51.53936], [16.3895, 51.53937], [16.38885, 51.53948], [16.38864, 51.53951], [16.38834, 51.53955], [16.38815, 51.53955], [16.38791, 51.53995], [16.38815, 51.54002], [16.3882, 51.54004], [16.38826, 51.54006], [16.38885, 51.54019], [16.38908, 51.54024], [16.38909, 51.54024], [16.38937, 51.54021]]]]}, "properties": {"nadlesnictwo": "Lubin", "oddzial": "79", "pododdzial": "c", "gatunek": "BK", "wiek": 22, "powierzchnia_ha": 0.99, "ochronnosc": "OCH USZK", "siedlisko": "LMŚW", "powod": "drzewostan ≥100 lat", "wiek_z_planu": 120}}, {"type": "Feature", "geometry": {"type": "MultiPolygon", "coordinates": [[[[16.14607, 51.48562], [16.14591, 51.48554], [16.1454, 51.48592], [16.14483, 51.48641], [16.14413, 51.48701], [16.14389, 51.48703], [16.14405, 51.48716], [16.14428, 51.48735], [16.14463, 51.4872], [16.1449, 51.48731], [16.14504, 51.48744], [16.14531, 51.48738], [16.14566, 51.48746], [16.1459, 51.48734], [16.14633, 51.48715], [16.14654, 51.48685], [16.14658, 51.48658], [16.14692, 51.48643], [16.14747, 51.48611], [16.14808, 51.48579], [16.14789, 51.48567], [16.14787, 51.48566], [16.14768, 51.48555], [16.14687, 51.48507], [16.14626, 51.4856], [16.14607, 51.48562]]]]}, "properties": {"nadlesnictwo": "Lubin", "oddzial": "89", "pododdzial": "f", "gatunek": "SO", "wiek": 14, "powierzchnia_ha": 3.3, "ochronnosc": "OCH MIAST", "siedlisko": "LMŚW", "powod": "drzewostan ≥100 lat", "wiek_z_planu": 120}}, {"type": "Feature", "geometry": {"type": "MultiPolygon", "coordinates": [[[[16.14436, 51.4874], [16.14434, 51.48739], [16.14428, 51.48735], [16.14405, 51.48716], [16.14389, 51.48703], [16.1438, 51.48697], [16.14373, 51.48692], [16.14339, 51.48666], [16.14351, 51.48658], [16.14404, 51.48642], [16.14409, 51.48615], [16.14424, 51.48604], [16.14542, 51.48503], [16.14582, 51.48472], [16.14607, 51.4846], [16.14588, 51.48449], [16.14444, 51.48364], [16.14442, 51.48365], [16.1439, 51.48385], [16.14344, 51.48402], [16.14124, 51.48487], [16.1412, 51.4849], [16.14117, 51.48492], [16.13885, 51.48571], [16.13872, 51.48576], [16.13896, 51.48591], [16.14033, 51.48676], [16.1409, 51.48784], [16.14111, 51.48823], [16.14118, 51.48821], [16.14178, 51.48803], [16.14191, 51.48799], [16.14243, 51.48789], [16.14334, 51.48767], [16.14344, 51.48765], [16.1435, 51.48763], [16.14436, 51.4874]]]]}, "properties": {"nadlesnictwo": "Lubin", "oddzial": "89", "pododdzial": "h", "gatunek": "SO", "wiek": 60, "powierzchnia_ha": 12.63, "ochronnosc": "OCH MIAST", "siedlisko": "LMŚW", "powod": "drzewostan ≥100 lat", "wiek_z_planu": 100}}, {"type": "Feature", "geometry": {"type": "MultiPolygon", "coordinates": [[[[16.11845, 51.52549], [16.11838, 51.52526], [16.11812, 51.52541], [16.11792, 51.52546], [16.11732, 51.52563], [16.11682, 51.52576], [16.11676, 51.52578], [16.11625, 51.52589], [16.11734, 51.52678], [16.11799, 51.52731], [16.11881, 51.52683], [16.1192, 51.52655], [16.11926, 51.52651], [16.11899, 51.52614], [16.11845, 51.52549]]]]}, "properties": {"nadlesnictwo": "Lubin", "oddzial": "17", "pododdzial": "m", "gatunek": "SO", "wiek": 23, "powierzchnia_ha": 2.4, "ochronnosc": "OCH MIAST", "siedlisko": "BMŚW", "powod": "drzewostan ≥100 lat", "wiek_z_planu": 110}}, {"type": "Feature", "geometry": {"type": "MultiPolygon", "coordinates": [[[[16.10985, 51.52973], [16.11053, 51.52934], [16.11109, 51.52901], [16.11108, 51.52899], [16.11086, 51.5287], [16.11015, 51.52785], [16.10998, 51.52774], [16.10957, 51.52784], [16.10979, 51.52935], [16.10985, 51.52973]]]]}, "properties": {"nadlesnictwo": "Lubin", "oddzial": "17", "pododdzial": "d", "gatunek": "SO", "wiek": 55, "powierzchnia_ha": 1.28, "ochronnosc": "OCH USZK", "siedlisko": "LMŚW", "powod": "drzewostan ≥100 lat", "wiek_z_planu": 106}}, {"type": "Feature", "geometry": {"type": "MultiPolygon", "coordinates": [[[[16.11412, 51.52865], [16.11484, 51.52864], [16.11493, 51.52873], [16.11535, 51.52863], [16.11558, 51.52858], [16.11596, 51.52849], [16.11597, 51.52848], [16.11646, 51.5283], [16.11669, 51.52822], [16.11692, 51.52843], [16.11701, 51.52839], [16.11743, 51.52828], [16.11771, 51.5282], [16.1178, 51.52819], [16.11736, 51.52782], [16.11709, 51.52787], [16.11661, 51.52795], [16.11518, 51.5282], [16.11462, 51.52829], [16.11428, 51.52837], [16.11412, 51.52865]]]]}, "properties": {"nadlesnictwo": "Lubin", "oddzial": "17", "pododdzial": "f", "gatunek": "SO", "wiek": 50, "powierzchnia_ha": 1.09, "ochronnosc": "OCH USZK", "siedlisko": "BMŚW", "powod": "drzewostan ≥100 lat", "wiek_z_planu": 100}}, {"type": "Feature", "geometry": {"type": "MultiPolygon", "coordinates": [[[[16.33607, 51.58676], [16.33584, 51.5868], [16.33513, 51.58708], [16.3346, 51.58724], [16.33415, 51.58739], [16.33326, 51.58771], [16.33258, 51.58817], [16.33186, 51.58853], [16.33171, 51.5886], [16.33153, 51.58869], [16.33114, 51.58892], [16.33111, 51.58895], [16.33105, 51.589], [16.33095, 51.58907], [16.33079, 51.58925], [16.33085, 51.58938], [16.33101, 51.58973], [16.33114, 51.58999], [16.33115, 51.58975], [16.33122, 51.5894], [16.33142, 51.58919], [16.33166, 51.58903], [16.33195, 51.58892], [16.33223, 51.58884], [16.33265, 51.58862], [16.3336, 51.58806], [16.33419, 51.58779], [16.33431, 51.58768], [16.33473, 51.58744], [16.33583, 51.58718], [16.33666, 51.58701], [16.33744, 51.58675], [16.33789, 51.58664], [16.33838, 51.58668], [16.33872, 51.58677], [16.33905, 51.58685], [16.33942, 51.5869], [16.33985, 51.58692], [16.34022, 51.58693], [16.34022, 51.58693], [16.34025, 51.58693], [16.34025, 51.58692], [16.34024, 51.58649], [16.3402, 51.58639], [16.34017, 51.58639], [16.33935, 51.58652], [16.33833, 51.58631], [16.33777, 51.58638], [16.33632, 51.58664], [16.33607, 51.58676]]]]}, "properties": {"nadlesnictwo": "Lubin", "oddzial": "28", "pododdzial": "d", "gatunek": "BK", "wiek": 150, "powierzchnia_ha": 2.84, "ochronnosc": null, "siedlisko": "LMŚW", "powod": "drzewostan ≥100 lat", "wiek_z_planu": 110}}, {"type": "Feature", "geometry": {"type": "MultiPolygon", "coordinates": [[[[16.20743, 51.48823], [16.20731, 51.48803], [16.20717, 51.4878], [16.20694, 51.48761], [16.20646, 51.48722], [16.2063, 51.48718], [16.20615, 51.48728], [16.20534, 51.4873], [16.20592, 51.48818], [16.20646, 51.48824], [16.20692, 51.48833], [16.2072, 51.48907], [16.20746, 51.48929], [16.20771, 51.4891], [16.20788, 51.48902], [16.20782, 51.48886], [16.20766, 51.48858], [16.20743, 51.48823]]]]}, "properties": {"nadlesnictwo": "Lubin", "oddzial": "57", "pododdzial": "d", "gatunek": "SO", "wiek": 9, "powierzchnia_ha": 1.54, "ochronnosc": "OCH MIAST", "siedlisko": "LMŚW", "powod": "drzewostan ≥100 lat", "wiek_z_planu": 105}}, {"type": "Feature", "geometry": {"type": "MultiPolygon", "coordinates": [[[[16.30607, 51.53861], [16.30608, 51.53861], [16.30652, 51.53839], [16.30651, 51.53838], [16.30651, 51.53837], [16.30648, 51.53831], [16.30705, 51.53791], [16.30801, 51.5379], [16.30763, 51.53733], [16.30749, 51.53712], [16.30727, 51.5371], [16.30684, 51.53705], [16.30577, 51.5378], [16.30576, 51.53828], [16.30606, 51.5386], [16.30607, 51.53861]]]]}, "properties": {"nadlesnictwo": "Lubin", "oddzial": "57", "pododdzial": "h", "gatunek": "OL", "wiek": 40, "powierzchnia_ha": 1.35, "ochronnosc": "OCH WOD", "siedlisko": "LMW", "powod": "drzewostan ≥100 lat", "wiek_z_planu": 100}}, {"type": "Feature", "geometry": {"type": "MultiPolygon", "coordinates": [[[[16.34502, 51.52862], [16.34502, 51.5286], [16.34477, 51.5286], [16.34359, 51.52863], [16.34359, 51.52865], [16.34359, 51.52868], [16.34359, 51.52869], [16.34359, 51.52875], [16.34359, 51.52889], [16.34358, 51.52911], [16.34358, 51.52915], [16.34364, 51.52915], [16.34376, 51.52915], [16.34488, 51.52919], [16.34499, 51.52918], [16.34522, 51.52916], [16.34556, 51.52912], [16.34562, 51.52903], [16.34537, 51.52888], [16.34521, 51.52876], [16.34502, 51.52862]]]]}, "properties": {"nadlesnictwo": "Lubin", "oddzial": "87", "pododdzial": "h", "gatunek": "SO", "wiek": 4, "powierzchnia_ha": 0.7, "ochronnosc": null, "siedlisko": "BMŚW", "powod": "drzewostan ≥100 lat", "wiek_z_planu": 105}}, {"type": "Feature", "geometry": {"type": "MultiPolygon", "coordinates": [[[[16.23494, 51.48898], [16.23491, 51.48894], [16.23489, 51.48896], [16.23403, 51.48946], [16.23382, 51.48956], [16.23252, 51.49015], [16.23145, 51.49051], [16.23209, 51.49097], [16.23309, 51.4916], [16.23311, 51.49161], [16.23361, 51.49198], [16.2339, 51.49219], [16.23537, 51.49202], [16.23655, 51.49289], [16.2367, 51.49303], [16.23687, 51.49299], [16.237, 51.49288], [16.23707, 51.49277], [16.23712, 51.49269], [16.23717, 51.49257], [16.23717, 51.4924], [16.23732, 51.49233], [16.2376, 51.49221], [16.23778, 51.49214], [16.23827, 51.49179], [16.23646, 51.49096], [16.23641, 51.4909], [16.23637, 51.49084], [16.23633, 51.49083], [16.23617, 51.49075], [16.23593, 51.49041], [16.23609, 51.4901], [16.23598, 51.48987], [16.2357, 51.48979], [16.23539, 51.48963], [16.23494, 51.48898]]]]}, "properties": {"nadlesnictwo": "Lubin", "oddzial": "39", "pododdzial": "d", "gatunek": "DB", "wiek": 24, "powierzchnia_ha": 9.1, "ochronnosc": "OCH MIAST", "siedlisko": "BMŚW", "powod": "drzewostan ≥100 lat", "wiek_z_planu": 100}}, {"type": "Feature", "geometry": {"type": "MultiPolygon", "coordinates": [[[[16.35555, 51.53149], [16.357, 51.53143], [16.35702, 51.53135], [16.35709, 51.53102], [16.35719, 51.53073], [16.35722, 51.53062], [16.35725, 51.53048], [16.35713, 51.53048], [16.35698, 51.53047], [16.35681, 51.53048], [16.35657, 51.53049], [16.35635, 51.53049], [16.35629, 51.53049], [16.35596, 51.5305], [16.3559, 51.5305], [16.35556, 51.53103], [16.35555, 51.53149]]]]}, "properties": {"nadlesnictwo": "Lubin", "oddzial": "85", "pododdzial": "b", "gatunek": "SO.C", "wiek": 143, "powierzchnia_ha": 1.16, "ochronnosc": "OCH NAS", "siedlisko": "BMŚW", "powod": "drzewostan ≥100 lat", "wiek_z_planu": 100}}, {"type": "Feature", "geometry": {"type": "MultiPolygon", "coordinates": [[[[16.3893, 51.53294], [16.38939, 51.53296], [16.38941, 51.53292], [16.38945, 51.53286], [16.38954, 51.53269], [16.38961, 51.53259], [16.38968, 51.53249], [16.38983, 51.53227], [16.38996, 51.5321], [16.38994, 51.53206], [16.38994, 51.53191], [16.38994, 51.53182], [16.38968, 51.53174], [16.38925, 51.53164], [16.389, 51.53158], [16.38869, 51.53151], [16.38764, 51.5313], [16.3873, 51.5313], [16.38672, 51.53234], [16.38671, 51.53237], [16.38796, 51.53264], [16.3893, 51.53294]]]]}, "properties": {"nadlesnictwo": "Lubin", "oddzial": "94", "pododdzial": "b", "gatunek": "BK", "wiek": 30, "powierzchnia_ha": 2.58, "ochronnosc": null, "siedlisko": "LMŚW", "powod": "drzewostan ≥100 lat", "wiek_z_planu": 100}}, {"type": "Feature", "geometry": {"type": "MultiPolygon", "coordinates": [[[[16.2748, 51.36492], [16.27412, 51.36462], [16.27403, 51.3645], [16.27331, 51.36441], [16.27329, 51.36441], [16.27329, 51.36441], [16.27327, 51.36441], [16.27325, 51.36447], [16.27315, 51.3648], [16.273, 51.36527], [16.27295, 51.36542], [16.27298, 51.36556], [16.27293, 51.36576], [16.27276, 51.36632], [16.27248, 51.36717], [16.27321, 51.36701], [16.27333, 51.36688], [16.27334, 51.36685], [16.27384, 51.36585], [16.27437, 51.36561], [16.27553, 51.36534], [16.27621, 51.3657], [16.27616, 51.36588], [16.27618, 51.36606], [16.27628, 51.3664], [16.27655, 51.36653], [16.27676, 51.36686], [16.27734, 51.36686], [16.27887, 51.36667], [16.27842, 51.36647], [16.2782, 51.36639], [16.2776, 51.36618], [16.27722, 51.36599], [16.27684, 51.36573], [16.27661, 51.36562], [16.2763, 51.36546], [16.27615, 51.36541], [16.2759, 51.36532], [16.27514, 51.36504], [16.2748, 51.36492]]]]}, "properties": {"nadlesnictwo": "Lubin", "oddzial": "242", "pododdzial": "f", "gatunek": "DB", "wiek": 22, "powierzchnia_ha": 4.05, "ochronnosc": "OCH WOD", "siedlisko": "LW", "powod": "drzewostan ≥100 lat", "wiek_z_planu": 160}}, {"type": "Feature", "geometry": {"type": "MultiPolygon", "coordinates": [[[[16.42868, 51.46182], [16.42865, 51.46165], [16.42851, 51.46098], [16.42848, 51.46082], [16.42843, 51.46059], [16.42839, 51.46039], [16.42838, 51.46029], [16.42837, 51.46023], [16.4284, 51.46022], [16.42864, 51.46017], [16.42867, 51.46016], [16.42895, 51.46006], [16.42948, 51.45979], [16.42974, 51.45962], [16.42975, 51.45962], [16.42992, 51.4595], [16.43001, 51.45945], [16.43026, 51.4593], [16.4307, 51.45904], [16.4307, 51.45904], [16.43081, 51.45892], [16.43092, 51.45882], [16.43101, 51.45873], [16.43117, 51.45861], [16.43117, 51.45861], [16.4313, 51.45847], [16.4314, 51.45835], [16.43148, 51.45828], [16.43139, 51.45829], [16.43116, 51.4583], [16.43025, 51.45838], [16.43025, 51.45839], [16.43026, 51.45841], [16.43013, 51.45842], [16.42996, 51.45843], [16.42909, 51.45852], [16.42809, 51.45861], [16.42782, 51.45863], [16.42781, 51.45864], [16.42734, 51.45868], [16.42539, 51.45883], [16.42566, 51.45978], [16.42593, 51.46086], [16.42603, 51.46112], [16.42613, 51.46147], [16.42613, 51.46148], [16.42614, 51.46149], [16.42656, 51.46296], [16.42663, 51.46319], [16.42681, 51.46384], [16.42685, 51.4641], [16.42703, 51.46465], [16.42703, 51.46467], [16.42766, 51.46435], [16.42808, 51.46432], [16.42842, 51.4643], [16.42924, 51.46409], [16.42941, 51.46404], [16.42944, 51.46403], [16.42994, 51.46392], [16.42947, 51.46349], [16.42966, 51.46348], [16.42964, 51.46339], [16.4294, 51.46186], [16.42926, 51.46185], [16.42868, 51.46182]]]]}, "properties": {"nadlesnictwo": "Lubin", "oddzial": "189", "pododdzial": "f", "gatunek": "SO", "wiek": 66, "powierzchnia_ha": 14.34, "ochronnosc": null, "siedlisko": "BMŚW", "powod": "drzewostan ≥100 lat", "wiek_z_planu": 155}}, {"type": "Feature", "geometry": {"type": "MultiPolygon", "coordinates": [[[[16.31666, 51.44583], [16.31678, 51.44584], [16.31942, 51.44612], [16.32225, 51.44641], [16.32209, 51.44529], [16.32207, 51.44428], [16.32077, 51.44464], [16.31946, 51.445], [16.31847, 51.44497], [16.31804, 51.4451], [16.31765, 51.44526], [16.31733, 51.44541], [16.3168, 51.44574], [16.31666, 51.44583]]]]}, "properties": {"nadlesnictwo": "Lubin", "oddzial": "207", "pododdzial": "a", "gatunek": "BRZ", "wiek": 29, "powierzchnia_ha": 4.9, "ochronnosc": "OCH MIAST", "siedlisko": "LŚW", "powod": "drzewostan ≥100 lat", "wiek_z_planu": 148}}, {"type": "Feature", "geometry": {"type": "MultiPolygon", "coordinates": [[[[16.30272, 51.48533], [16.30306, 51.48511], [16.30291, 51.48501], [16.30214, 51.48532], [16.30211, 51.48533], [16.30244, 51.48552], [16.30246, 51.48551], [16.30272, 51.48533]]]]}, "properties": {"nadlesnictwo": "Lubin", "oddzial": "185", "pododdzial": "f", "gatunek": "DB", "wiek": 85, "powierzchnia_ha": 0.13, "ochronnosc": "OCH MIAST", "siedlisko": "LMŚW", "powod": "drzewostan ≥100 lat", "wiek_z_planu": 145}}, {"type": "Feature", "geometry": {"type": "MultiPolygon", "coordinates": [[[[16.18506, 51.42726], [16.18507, 51.42726], [16.18501, 51.42662], [16.18391, 51.42728], [16.18283, 51.42792], [16.18237, 51.4282], [16.18159, 51.42865], [16.18088, 51.42906], [16.18027, 51.42942], [16.18108, 51.4296], [16.18114, 51.42962], [16.18122, 51.42964], [16.18126, 51.42964], [16.18132, 51.42966], [16.18133, 51.42964], [16.18141, 51.42961], [16.1815, 51.42955], [16.18161, 51.4295], [16.18176, 51.42939], [16.18188, 51.42934], [16.18202, 51.42926], [16.18218, 51.42916], [16.1823, 51.42912], [16.18245, 51.42905], [16.18253, 51.42897], [16.18262, 51.42888], [16.18284, 51.42878], [16.18297, 51.42871], [16.18303, 51.42866], [16.18313, 51.42858], [16.18344, 51.42839], [16.18362, 51.42823], [16.18372, 51.42815], [16.18378, 51.42809], [16.18394, 51.42798], [16.18405, 51.4279], [16.18421, 51.42782], [16.18428, 51.42777], [16.18431, 51.42773], [16.18506, 51.42726]]]]}, "properties": {"nadlesnictwo": "Lubin", "oddzial": "191", "pododdzial": "h", "gatunek": "DB", "wiek": 5, "powierzchnia_ha": 2.58, "ochronnosc": "OCH MIAST", "siedlisko": "LMŚW", "powod": "drzewostan ≥100 lat", "wiek_z_planu": 145}}, {"type": "Feature", "geometry": {"type": "MultiPolygon", "coordinates": [[[[16.20161, 51.43666], [16.20331, 51.43591], [16.20414, 51.43548], [16.20537, 51.43514], [16.20599, 51.43498], [16.20578, 51.43466], [16.20526, 51.43495], [16.20395, 51.43532], [16.20327, 51.43563], [16.20252, 51.43598], [16.20167, 51.43652], [16.20159, 51.43664], [16.20156, 51.43667], [16.20161, 51.43666]]]]}, "properties": {"nadlesnictwo": "Lubin", "oddzial": "188", "pododdzial": "z", "gatunek": "SO", "wiek": 133, "powierzchnia_ha": 0.79, "ochronnosc": "OCH MIAST", "siedlisko": "BMŚW", "powod": "drzewostan ≥100 lat", "wiek_z_planu": 142}}, {"type": "Feature", "geometry": {"type": "MultiPolygon", "coordinates": [[[[16.30011, 51.48613], [16.3002, 51.48624], [16.30024, 51.48629], [16.30009, 51.48623], [16.29997, 51.48618], [16.29887, 51.48662], [16.29823, 51.48686], [16.29756, 51.48707], [16.29738, 51.48712], [16.29751, 51.48726], [16.29766, 51.48724], [16.29856, 51.48712], [16.29885, 51.48733], [16.29907, 51.48722], [16.30061, 51.48646], [16.30085, 51.48654], [16.30108, 51.48662], [16.30112, 51.48659], [16.30117, 51.48657], [16.30125, 51.48649], [16.30151, 51.48626], [16.3016, 51.48617], [16.30224, 51.48566], [16.30244, 51.48552], [16.30211, 51.48533], [16.30189, 51.48542], [16.30099, 51.48578], [16.30089, 51.48582], [16.30011, 51.48613]]]]}, "properties": {"nadlesnictwo": "Lubin", "oddzial": "178", "pododdzial": "f", "gatunek": "BK", "wiek": 22, "powierzchnia_ha": 1.99, "ochronnosc": "OCH MIAST", "siedlisko": "LŚW", "powod": "drzewostan ≥100 lat", "wiek_z_planu": 141}}, {"type": "Feature", "geometry": {"type": "MultiPolygon", "coordinates": [[[[16.278, 51.46656], [16.27782, 51.4667], [16.27763, 51.4669], [16.27758, 51.46722], [16.27793, 51.4673], [16.28072, 51.46792], [16.28128, 51.46798], [16.28279, 51.46814], [16.28283, 51.46814], [16.28456, 51.46824], [16.28547, 51.46801], [16.28565, 51.46796], [16.28567, 51.46795], [16.28572, 51.46787], [16.28585, 51.46772], [16.286, 51.46746], [16.28595, 51.46721], [16.28588, 51.46714], [16.2852, 51.4671], [16.2842, 51.46695], [16.2841, 51.46693], [16.28341, 51.46682], [16.28171, 51.46662], [16.28081, 51.46663], [16.28049, 51.46662], [16.28048, 51.46613], [16.2791, 51.46604], [16.2785, 51.46639], [16.27848, 51.4664], [16.278, 51.46656]]]]}, "properties": {"nadlesnictwo": "Lubin", "oddzial": "192", "pododdzial": "b", "gatunek": "DB", "wiek": 147, "powierzchnia_ha": 8.12, "ochronnosc": "OCH MIAST", "siedlisko": "LMŚW", "powod": "drzewostan ≥100 lat", "wiek_z_planu": 100}}, {"type": "Feature", "geometry": {"type": "MultiPolygon", "coordinates": [[[[16.293, 51.46906], [16.29397, 51.46911], [16.29403, 51.46931], [16.29401, 51.46944], [16.29492, 51.46949], [16.29516, 51.4695], [16.29501, 51.46912], [16.29491, 51.46898], [16.29458, 51.46851], [16.29434, 51.46817], [16.29431, 51.46807], [16.29427, 51.46793], [16.29428, 51.4677], [16.29353, 51.46763], [16.2932, 51.4676], [16.29291, 51.46779], [16.29289, 51.4678], [16.29291, 51.46796], [16.293, 51.46906]]]]}, "properties": {"nadlesnictwo": "Lubin", "oddzial": "192", "pododdzial": "d", "gatunek": "SO", "wiek": 40, "powierzchnia_ha": 2.08, "ochronnosc": "OCH MIAST", "siedlisko": "LMŚW", "powod": "drzewostan ≥100 lat", "wiek_z_planu": 140}}, {"type": "Feature", "geometry": {"type": "MultiPolygon", "coordinates": [[[[16.31231, 51.44903], [16.31341, 51.44856], [16.31373, 51.44894], [16.31389, 51.44917], [16.31386, 51.44938], [16.31356, 51.44968], [16.31344, 51.4498], [16.31394, 51.44986], [16.31435, 51.45003], [16.31451, 51.4501], [16.31443, 51.44929], [16.31438, 51.44907], [16.31415, 51.44826], [16.31433, 51.44815], [16.31405, 51.4482], [16.31379, 51.44825], [16.31347, 51.44822], [16.31345, 51.44807], [16.31376, 51.44802], [16.31418, 51.44784], [16.31418, 51.44772], [16.31414, 51.44752], [16.314, 51.44692], [16.31399, 51.44685], [16.31358, 51.44731], [16.31295, 51.44773], [16.31273, 51.44785], [16.3122, 51.44813], [16.31126, 51.44881], [16.31067, 51.44914], [16.31064, 51.44916], [16.31063, 51.44917], [16.31066, 51.44918], [16.31073, 51.4492], [16.31089, 51.44925], [16.31164, 51.44947], [16.31167, 51.4493], [16.31171, 51.44923], [16.31196, 51.44912], [16.31231, 51.44903]]]]}, "properties": {"nadlesnictwo": "Lubin", "oddzial": "205", "pododdzial": "b", "gatunek": "SO", "wiek": 70, "powierzchnia_ha": 3.13, "ochronnosc": "OCH MIAST", "siedlisko": "BMŚW", "powod": "drzewostan ≥100 lat", "wiek_z_planu": 140}}, {"type": "Feature", "geometry": {"type": "MultiPolygon", "coordinates": [[[[16.31177, 51.43854], [16.3116, 51.43849], [16.31117, 51.43843], [16.3111, 51.43842], [16.31042, 51.4384], [16.31006, 51.43841], [16.309, 51.4385], [16.30833, 51.43858], [16.30832, 51.43858], [16.30922, 51.43882], [16.31007, 51.43905], [16.3103, 51.43911], [16.31034, 51.43912], [16.31115, 51.43934], [16.31135, 51.43939], [16.31237, 51.43966], [16.31235, 51.43939], [16.31232, 51.43921], [16.31231, 51.43903], [16.31232, 51.43898], [16.31228, 51.43863], [16.31225, 51.43863], [16.31224, 51.43863], [16.31204, 51.43859], [16.31188, 51.43856], [16.31177, 51.43854]]]]}, "properties": {"nadlesnictwo": "Lubin", "oddzial": "213", "pododdzial": "b", "gatunek": "SO", "wiek": 35, "powierzchnia_ha": 1.85, "ochronnosc": "OCH MIAST", "siedlisko": "BMŚW", "powod": "drzewostan ≥100 lat", "wiek_z_planu": 140}}, {"type": "Feature", "geometry": {"type": "MultiPolygon", "coordinates": [[[[16.22628, 51.3784], [16.22627, 51.37848], [16.22626, 51.37863], [16.22624, 51.37893], [16.22625, 51.37932], [16.22625, 51.37941], [16.22656, 51.37986], [16.22658, 51.37985], [16.22665, 51.37985], [16.22674, 51.37984], [16.22686, 51.37983], [16.2272, 51.37979], [16.2272, 51.37979], [16.22744, 51.37976], [16.22744, 51.37976], [16.22762, 51.37972], [16.22772, 51.3797], [16.22805, 51.37968], [16.22847, 51.37966], [16.22847, 51.37966], [16.22847, 51.37966], [16.22864, 51.37962], [16.22864, 51.37962], [16.2288, 51.37958], [16.2288, 51.37958], [16.22891, 51.37953], [16.22915, 51.37944], [16.22915, 51.37944], [16.22932, 51.37936], [16.22942, 51.37933], [16.22958, 51.37921], [16.23037, 51.37863], [16.22989, 51.37865], [16.22988, 51.3783], [16.22854, 51.37847], [16.22792, 51.37841], [16.22773, 51.37837], [16.22774, 51.37832], [16.2277, 51.378], [16.22768, 51.3776], [16.22768, 51.37746], [16.22771, 51.37739], [16.22766, 51.3774], [16.22766, 51.37705], [16.22702, 51.37704], [16.22726, 51.378], [16.22656, 51.37804], [16.22655, 51.37835], [16.22655, 51.37836], [16.22649, 51.37837], [16.2263, 51.37839], [16.22628, 51.3784]]]]}, "properties": {"nadlesnictwo": "Lubin", "oddzial": "226", "pododdzial": "d", "gatunek": "SO", "wiek": 6, "powierzchnia_ha": 4.18, "ochronnosc": "OCH MIAST", "siedlisko": "BMŚW", "powod": "drzewostan ≥100 lat", "wiek_z_planu": 136}}, {"type": "Feature", "geometry": {"type": "MultiPolygon", "coordinates": [[[[16.40043, 51.40178], [16.4031, 51.40151], [16.4019, 51.40036], [16.3992, 51.40063], [16.40043, 51.40178]]]]}, "properties": {"nadlesnictwo": "Lubin", "oddzial": "237", "pododdzial": "a", "gatunek": "DB.C", "wiek": 35, "powierzchnia_ha": 2.67, "ochronnosc": "OCH MIAST", "siedlisko": "LMŚW", "powod": "drzewostan ≥100 lat", "wiek_z_planu": 135}}, {"type": "Feature", "geometry": {"type": "MultiPolygon", "coordinates": [[[[16.39554, 51.39781], [16.39433, 51.39677], [16.39463, 51.39769], [16.39475, 51.39827], [16.39493, 51.39918], [16.39528, 51.40089], [16.39672, 51.40075], [16.3987, 51.40054], [16.39708, 51.39931], [16.39685, 51.39895], [16.39636, 51.39852], [16.39554, 51.39781]]]]}, "properties": {"nadlesnictwo": "Lubin", "oddzial": "237", "pododdzial": "i", "gatunek": "SO", "wiek": 32, "powierzchnia_ha": 5.77, "ochronnosc": "OCH MIAST", "siedlisko": "BMŚW", "powod": "drzewostan ≥100 lat", "wiek_z_planu": 123}}, {"type": "Feature", "geometry": {"type": "MultiPolygon", "coordinates": [[[[16.2313, 51.43133], [16.23117, 51.4311], [16.23081, 51.4307], [16.23043, 51.43025], [16.22993, 51.42965], [16.22955, 51.42922], [16.22914, 51.42875], [16.22867, 51.42822], [16.22865, 51.42819], [16.22862, 51.42815], [16.22813, 51.42831], [16.22801, 51.42835], [16.22801, 51.42835], [16.22802, 51.42839], [16.22813, 51.42875], [16.2282, 51.42895], [16.22844, 51.42974], [16.22913, 51.43036], [16.23019, 51.43131], [16.2309, 51.43195], [16.23139, 51.43239], [16.2314, 51.4324], [16.23209, 51.43245], [16.2323, 51.43246], [16.23247, 51.43201], [16.23334, 51.43147], [16.23328, 51.43147], [16.23225, 51.43139], [16.2313, 51.43133]]]]}, "properties": {"nadlesnictwo": "Lubin", "oddzial": "201", "pododdzial": "f", "gatunek": "SO", "wiek": 19, "powierzchnia_ha": 4.54, "ochronnosc": "OCH MIAST", "siedlisko": "BMŚW", "powod": "drzewostan ≥100 lat", "wiek_z_planu": 135}}, {"type": "Feature", "geometry": {"type": "MultiPolygon", "coordinates": [[[[16.23088, 51.4282], [16.23037, 51.42759], [16.22869, 51.42813], [16.22862, 51.42815], [16.22865, 51.42819], [16.22867, 51.42822], [16.22914, 51.42875], [16.22955, 51.42922], [16.22993, 51.42965], [16.23043, 51.43025], [16.23081, 51.4307], [16.23117, 51.4311], [16.2313, 51.43133], [16.23225, 51.43139], [16.23328, 51.43147], [16.23334, 51.43147], [16.23354, 51.43135], [16.23351, 51.43132], [16.23288, 51.4306], [16.23246, 51.4301], [16.23164, 51.42913], [16.23088, 51.4282]]]]}, "properties": {"nadlesnictwo": "Lubin", "oddzial": "201", "pododdzial": "g", "gatunek": "SO", "wiek": 36, "powierzchnia_ha": 5.97, "ochronnosc": "OCH MIAST", "siedlisko": "BMŚW", "powod": "drzewostan ≥100 lat", "wiek_z_planu": 120}}, {"type": "Feature", "geometry": {"type": "MultiPolygon", "coordinates": [[[[16.23083, 51.42628], [16.23108, 51.42661], [16.23111, 51.42665], [16.23146, 51.42707], [16.23148, 51.42706], [16.23183, 51.42695], [16.23289, 51.42662], [16.23328, 51.4265], [16.23348, 51.42644], [16.23347, 51.42641], [16.2333, 51.42621], [16.23317, 51.42604], [16.23283, 51.42607], [16.23281, 51.42608], [16.23088, 51.42627], [16.23083, 51.42628]]]]}, "properties": {"nadlesnictwo": "Lubin", "oddzial": "201", "pododdzial": "l", "gatunek": "BK", "wiek": 28, "powierzchnia_ha": 1.19, "ochronnosc": "OCH MIAST", "siedlisko": "BMŚW", "powod": "drzewostan ≥100 lat", "wiek_z_planu": 130}}, {"type": "Feature", "geometry": {"type": "MultiPolygon", "coordinates": [[[[16.32354, 51.43489], [16.32354, 51.43489], [16.32313, 51.43509], [16.32247, 51.43488], [16.32185, 51.43483], [16.3212, 51.43505], [16.32097, 51.43513], [16.32094, 51.43514], [16.32147, 51.43528], [16.32207, 51.43543], [16.32212, 51.43544], [16.3223, 51.43549], [16.32257, 51.43556], [16.32259, 51.43557], [16.32259, 51.43557], [16.32336, 51.43577], [16.32346, 51.43579], [16.32346, 51.43579], [16.3235, 51.4358], [16.32346, 51.43554], [16.32347, 51.43542], [16.32348, 51.4354], [16.3235, 51.43532], [16.32354, 51.43489]]]]}, "properties": {"nadlesnictwo": "Lubin", "oddzial": "220", "pododdzial": "g", "gatunek": "SO", "wiek": 52, "powierzchnia_ha": 0.9, "ochronnosc": "OCH MIAST", "siedlisko": "LMŚW", "powod": "drzewostan ≥100 lat", "wiek_z_planu": 130}}, {"type": "Feature", "geometry": {"type": "MultiPolygon", "coordinates": [[[[16.33297, 51.43082], [16.33215, 51.43051], [16.33192, 51.4304], [16.33179, 51.43031], [16.33115, 51.43224], [16.33114, 51.43225], [16.33115, 51.43225], [16.33115, 51.43225], [16.33135, 51.43224], [16.33156, 51.43223], [16.33207, 51.4322], [16.33309, 51.43195], [16.33344, 51.43108], [16.33344, 51.43107], [16.33342, 51.43106], [16.33297, 51.43082]]]]}, "properties": {"nadlesnictwo": "Lubin", "oddzial": "220", "pododdzial": "o", "gatunek": "DB", "wiek": 60, "powierzchnia_ha": 2.04, "ochronnosc": "OCH WOD", "siedlisko": "LW", "powod": "drzewostan ≥100 lat", "wiek_z_planu": 105}}, {"type": "Feature", "geometry": {"type": "MultiPolygon", "coordinates": [[[[16.3183, 51.43179], [16.31864, 51.43169], [16.31883, 51.43163], [16.31937, 51.43138], [16.31974, 51.43126], [16.31993, 51.43118], [16.32059, 51.43093], [16.32146, 51.43064], [16.32144, 51.43061], [16.32138, 51.43049], [16.32128, 51.43037], [16.32125, 51.43033], [16.32104, 51.43029], [16.3201, 51.43029], [16.31919, 51.43036], [16.31902, 51.43018], [16.31872, 51.42982], [16.31849, 51.42955], [16.31827, 51.42938], [16.31824, 51.4294], [16.31823, 51.4294], [16.31822, 51.42941], [16.31702, 51.42994], [16.31672, 51.42984], [16.31643, 51.42962], [16.31638, 51.4296], [16.3164, 51.42947], [16.31647, 51.4292], [16.31608, 51.42961], [16.31508, 51.43066], [16.31477, 51.43099], [16.31517, 51.43107], [16.31545, 51.43105], [16.31554, 51.43105], [16.31571, 51.43109], [16.31614, 51.4311], [16.31671, 51.43109], [16.31698, 51.43109], [16.31707, 51.43105], [16.31715, 51.43106], [16.31739, 51.43113], [16.31809, 51.43142], [16.31817, 51.43171], [16.31818, 51.43174], [16.3182, 51.43181], [16.3183, 51.43179]]]]}, "properties": {"nadlesnictwo": "Lubin", "oddzial": "221", "pododdzial": "f", "gatunek": "SO", "wiek": 56, "powierzchnia_ha": 5.62, "ochronnosc": "OCH MIAST", "siedlisko": "BMŚW", "powod": "drzewostan ≥100 lat", "wiek_z_planu": 130}}, {"type": "Feature", "geometry": {"type": "MultiPolygon", "coordinates": [[[[16.15998, 51.42262], [16.15979, 51.4228], [16.15949, 51.42306], [16.16116, 51.42336], [16.16176, 51.42356], [16.16182, 51.42354], [16.16197, 51.42349], [16.16233, 51.42332], [16.16244, 51.42324], [16.16251, 51.4231], [16.16251, 51.42302], [16.16247, 51.42296], [16.16235, 51.42293], [16.16218, 51.42292], [16.16196, 51.4229], [16.16177, 51.42287], [16.16164, 51.42286], [16.16073, 51.42272], [16.16001, 51.42258], [16.15999, 51.4226], [16.15998, 51.42262]]]]}, "properties": {"nadlesnictwo": "Lubin", "oddzial": "183", "pododdzial": "h", "gatunek": "SO", "wiek": 5, "powierzchnia_ha": 1.13, "ochronnosc": "OCH MIAST", "siedlisko": "BMŚW", "powod": "drzewostan ≥100 lat", "wiek_z_planu": 126}}, {"type": "Feature", "geometry": {"type": "MultiPolygon", "coordinates": [[[[16.26785, 51.37291], [16.26814, 51.37354], [16.26975, 51.37402], [16.27076, 51.37436], [16.27118, 51.3745], [16.27158, 51.37463], [16.27306, 51.37512], [16.27332, 51.37521], [16.27387, 51.37539], [16.2739, 51.3754], [16.27342, 51.37452], [16.27293, 51.37361], [16.27287, 51.37337], [16.27189, 51.37328], [16.26915, 51.37303], [16.26785, 51.37291]]]]}, "properties": {"nadlesnictwo": "Lubin", "oddzial": "229", "pododdzial": "j", "gatunek": "SO", "wiek": 16, "powierzchnia_ha": 4.83, "ochronnosc": "OCH MIAST", "siedlisko": "BŚW", "powod": "drzewostan ≥100 lat", "wiek_z_planu": 125}}, {"type": "Feature", "geometry": {"type": "MultiPolygon", "coordinates": [[[[16.17485, 51.43421], [16.17324, 51.43518], [16.17327, 51.43519], [16.1736, 51.43531], [16.17361, 51.43531], [16.17474, 51.43572], [16.17503, 51.43583], [16.17507, 51.43578], [16.17504, 51.43573], [16.17503, 51.4357], [16.17505, 51.43567], [16.17511, 51.43565], [16.17524, 51.43564], [16.17534, 51.43565], [16.1754, 51.4356], [16.17551, 51.43548], [16.17557, 51.43543], [16.17564, 51.43538], [16.17596, 51.43531], [16.17608, 51.43529], [16.17618, 51.43523], [16.17629, 51.43514], [16.17638, 51.43507], [16.17641, 51.43502], [16.17638, 51.43497], [16.17629, 51.43486], [16.17624, 51.43482], [16.17623, 51.43478], [16.17625, 51.43474], [16.17633, 51.43466], [16.17648, 51.43463], [16.17631, 51.43458], [16.17567, 51.4344], [16.17509, 51.43424], [16.17492, 51.43417], [16.17491, 51.43418], [16.17485, 51.43421]]]]}, "properties": {"nadlesnictwo": "Lubin", "oddzial": "180", "pododdzial": "c", "gatunek": "SO", "wiek": 19, "powierzchnia_ha": 2.13, "ochronnosc": "OCH MIAST", "siedlisko": "BMŚW", "powod": "drzewostan ≥100 lat", "wiek_z_planu": 117}}, {"type": "Feature", "geometry": {"type": "MultiPolygon", "coordinates": [[[[16.28614, 51.48126], [16.28619, 51.48119], [16.28638, 51.48096], [16.28636, 51.48096], [16.28636, 51.48096], [16.28635, 51.48096], [16.28633, 51.48095], [16.28509, 51.48082], [16.28467, 51.48079], [16.28465, 51.48113], [16.28458, 51.48366], [16.28426, 51.48372], [16.28432, 51.48394], [16.28456, 51.48398], [16.28457, 51.4841], [16.28434, 51.48416], [16.28447, 51.48436], [16.28455, 51.48437], [16.28455, 51.48461], [16.28502, 51.4846], [16.28623, 51.48456], [16.28624, 51.48456], [16.28624, 51.48454], [16.28621, 51.48424], [16.28622, 51.48395], [16.28621, 51.48345], [16.28616, 51.48294], [16.28615, 51.48275], [16.28614, 51.4825], [16.28614, 51.48218], [16.28612, 51.48161], [16.28613, 51.48137], [16.28614, 51.48126]]]]}, "properties": {"nadlesnictwo": "Lubin", "oddzial": "180", "pododdzial": "f", "gatunek": "BK", "wiek": 15, "powierzchnia_ha": 4.61, "ochronnosc": "OCH MIAST", "siedlisko": "LMŚW", "powod": "drzewostan ≥100 lat", "wiek_z_planu": 105}}, {"type": "Feature", "geometry": {"type": "MultiPolygon", "coordinates": [[[[16.29029, 51.48559], [16.29058, 51.48533], [16.29071, 51.48522], [16.29107, 51.48494], [16.29112, 51.48489], [16.29149, 51.4846], [16.29202, 51.48413], [16.29265, 51.48373], [16.29315, 51.48334], [16.29316, 51.48332], [16.29329, 51.48322], [16.29317, 51.48318], [16.293, 51.48309], [16.29269, 51.48294], [16.29227, 51.48273], [16.29184, 51.48259], [16.29125, 51.48243], [16.291, 51.48238], [16.29067, 51.48296], [16.29045, 51.48333], [16.28995, 51.4842], [16.28983, 51.48441], [16.28975, 51.48459], [16.28966, 51.48476], [16.29026, 51.48483], [16.29026, 51.48484], [16.28995, 51.48519], [16.2894, 51.48553], [16.2902, 51.48567], [16.29029, 51.48559]]]]}, "properties": {"nadlesnictwo": "Lubin", "oddzial": "180", "pododdzial": "h", "gatunek": "SO", "wiek": 93, "powierzchnia_ha": 4.19, "ochronnosc": "OCH MIAST", "siedlisko": "LMŚW", "powod": "drzewostan ≥100 lat", "wiek_z_planu": 115}}, {"type": "Feature", "geometry": {"type": "MultiPolygon", "coordinates": [[[[16.28838, 51.48464], [16.28965, 51.48476], [16.28966, 51.48476], [16.28975, 51.48459], [16.28983, 51.48441], [16.28995, 51.4842], [16.29045, 51.48333], [16.29067, 51.48296], [16.291, 51.48238], [16.29095, 51.48237], [16.29025, 51.48224], [16.28954, 51.48211], [16.28885, 51.48289], [16.28782, 51.48457], [16.28838, 51.48464]]]]}, "properties": {"nadlesnictwo": "Lubin", "oddzial": "180", "pododdzial": "j", "gatunek": "SO", "wiek": 93, "powierzchnia_ha": 3.46, "ochronnosc": "OCH MIAST", "siedlisko": "LMŚW", "powod": "drzewostan ≥100 lat", "wiek_z_planu": 120}}, {"type": "Feature", "geometry": {"type": "MultiPolygon", "coordinates": [[[[16.30021, 51.42767], [16.30019, 51.42766], [16.29918, 51.4272], [16.29914, 51.42719], [16.29786, 51.42661], [16.29753, 51.42646], [16.29705, 51.42625], [16.29692, 51.42628], [16.29691, 51.42629], [16.29445, 51.42702], [16.29442, 51.42702], [16.29432, 51.42707], [16.29464, 51.42727], [16.29495, 51.42744], [16.29556, 51.42792], [16.29618, 51.4284], [16.29639, 51.4287], [16.29679, 51.42932], [16.29685, 51.42938], [16.29693, 51.42949], [16.29711, 51.42964], [16.29713, 51.42963], [16.29793, 51.42911], [16.29873, 51.42858], [16.29876, 51.42857], [16.29884, 51.42862], [16.29886, 51.42863], [16.2995, 51.42899], [16.29951, 51.429], [16.2996, 51.42862], [16.30021, 51.42767]]]]}, "properties": {"nadlesnictwo": "Lubin", "oddzial": "216", "pododdzial": "c", "gatunek": "SO", "wiek": 70, "powierzchnia_ha": 7.54, "ochronnosc": "OCH MIAST", "siedlisko": "BMŚW", "powod": "drzewostan ≥100 lat", "wiek_z_planu": 120}}, {"type": "Feature", "geometry": {"type": "MultiPolygon", "coordinates": [[[[16.22086, 51.38024], [16.22169, 51.38021], [16.22232, 51.38019], [16.2223, 51.37956], [16.22224, 51.37957], [16.22176, 51.37959], [16.22176, 51.37959], [16.22153, 51.37959], [16.22111, 51.37941], [16.22107, 51.37939], [16.22102, 51.37937], [16.22007, 51.37836], [16.21998, 51.37816], [16.21812, 51.37823], [16.21807, 51.37848], [16.21833, 51.37846], [16.21992, 51.37838], [16.21994, 51.3784], [16.22052, 51.37938], [16.22085, 51.38022], [16.22086, 51.38024]]]]}, "properties": {"nadlesnictwo": "Lubin", "oddzial": "227", "pododdzial": "a", "gatunek": "SO", "wiek": 70, "powierzchnia_ha": 1.48, "ochronnosc": "OCH MIAST", "siedlisko": "BMŚW", "powod": "drzewostan ≥100 lat", "wiek_z_planu": 120}}, {"type": "Feature", "geometry": {"type": "MultiPolygon", "coordinates": [[[[16.34093, 51.41097], [16.34081, 51.41038], [16.3408, 51.41033], [16.3404, 51.41058], [16.33992, 51.41092], [16.33992, 51.41092], [16.33986, 51.41096], [16.33984, 51.41098], [16.33933, 51.41149], [16.3392, 51.41162], [16.33908, 51.41179], [16.3389, 51.41199], [16.33928, 51.41258], [16.3406, 51.41222], [16.34118, 51.41216], [16.34093, 51.41097]]]]}, "properties": {"nadlesnictwo": "Lubin", "oddzial": "227", "pododdzial": "f", "gatunek": "SO", "wiek": 95, "powierzchnia_ha": 2.19, "ochronnosc": "OCH MIAST", "siedlisko": "BMŚW", "powod": "drzewostan ≥100 lat", "wiek_z_planu": 110}}, {"type": "Feature", "geometry": {"type": "MultiPolygon", "coordinates": [[[[16.29532, 51.44855], [16.29524, 51.4485], [16.29493, 51.44813], [16.2922, 51.44865], [16.2895, 51.44941], [16.28892, 51.44968], [16.28838, 51.44985], [16.28736, 51.45014], [16.28736, 51.45014], [16.2864, 51.45035], [16.28617, 51.4504], [16.2861, 51.45042], [16.28621, 51.45047], [16.2863, 51.4505], [16.28663, 51.45065], [16.28701, 51.45081], [16.28969, 51.45197], [16.29118, 51.45172], [16.29363, 51.45166], [16.29536, 51.4515], [16.29606, 51.45144], [16.29638, 51.45104], [16.29654, 51.45078], [16.29706, 51.44969], [16.29716, 51.4494], [16.29736, 51.44893], [16.29738, 51.44871], [16.29734, 51.44857], [16.29732, 51.44844], [16.29719, 51.44845], [16.29544, 51.44857], [16.29532, 51.44855]]]]}, "properties": {"nadlesnictwo": "Lubin", "oddzial": "225", "pododdzial": "a", "gatunek": "SO", "wiek": 31, "powierzchnia_ha": 19.7, "ochronnosc": "OCH MIAST", "siedlisko": "BMŚW", "powod": "drzewostan ≥100 lat", "wiek_z_planu": 118}}, {"type": "Feature", "geometry": {"type": "MultiPolygon", "coordinates": [[[[16.29137, 51.46361], [16.29099, 51.46351], [16.29097, 51.46356], [16.2903, 51.46378], [16.2899, 51.46399], [16.28977, 51.46398], [16.28977, 51.46404], [16.28974, 51.4641], [16.2898, 51.46419], [16.28993, 51.46428], [16.28997, 51.46443], [16.2899, 51.4645], [16.28984, 51.46459], [16.2899, 51.46467], [16.29012, 51.4648], [16.29023, 51.46485], [16.29085, 51.46482], [16.29125, 51.46482], [16.29113, 51.46517], [16.29121, 51.46517], [16.2921, 51.46531], [16.29299, 51.46534], [16.29353, 51.46523], [16.29396, 51.46519], [16.2936, 51.46483], [16.29347, 51.46471], [16.29336, 51.46462], [16.293, 51.46446], [16.29265, 51.4643], [16.29239, 51.4641], [16.29215, 51.46395], [16.2919, 51.46379], [16.29137, 51.46361]]]]}, "properties": {"nadlesnictwo": "Lubin", "oddzial": "194", "pododdzial": "b", "gatunek": "DB", "wiek": 85, "powierzchnia_ha": 3.31, "ochronnosc": "OCH MIAST", "siedlisko": "LMŚW", "powod": "drzewostan ≥100 lat", "wiek_z_planu": 115}}, {"type": "Feature", "geometry": {"type": "MultiPolygon", "coordinates": [[[[16.26976, 51.434], [16.26971, 51.43398], [16.26956, 51.43418], [16.26928, 51.43429], [16.26852, 51.43462], [16.26848, 51.43519], [16.26855, 51.43583], [16.26999, 51.43622], [16.27105, 51.4365], [16.27112, 51.43652], [16.27131, 51.43657], [16.27131, 51.43657], [16.2718, 51.43628], [16.27206, 51.43608], [16.27252, 51.43579], [16.27288, 51.43558], [16.27327, 51.43539], [16.27334, 51.43533], [16.27313, 51.43527], [16.27285, 51.43518], [16.27223, 51.43494], [16.271, 51.43447], [16.27054, 51.4343], [16.27003, 51.4341], [16.26976, 51.434]]]]}, "properties": {"nadlesnictwo": "Lubin", "oddzial": "194", "pododdzial": "g", "gatunek": "SO", "wiek": 9, "powierzchnia_ha": 5.51, "ochronnosc": "OCH MIAST", "siedlisko": "BMŚW", "powod": "drzewostan ≥100 lat", "wiek_z_planu": 106}}, {"type": "Feature", "geometry": {"type": "MultiPolygon", "coordinates": [[[[16.19498, 51.44092], [16.19467, 51.44061], [16.19464, 51.44058], [16.19453, 51.44063], [16.19304, 51.44122], [16.19256, 51.44141], [16.19366, 51.44155], [16.19437, 51.44177], [16.19476, 51.44118], [16.19456, 51.44099], [16.19498, 51.44092]]]]}, "properties": {"nadlesnictwo": "Lubin", "oddzial": "177", "pododdzial": "a", "gatunek": "SO", "wiek": 68, "powierzchnia_ha": 0.92, "ochronnosc": "OCH MIAST", "siedlisko": "BMŚW", "powod": "drzewostan ≥100 lat", "wiek_z_planu": 106}}, {"type": "Feature", "geometry": {"type": "MultiPolygon", "coordinates": [[[[16.19312, 51.43443], [16.19309, 51.43442], [16.19307, 51.43442], [16.19248, 51.43426], [16.19246, 51.43426], [16.19193, 51.43411], [16.19176, 51.43432], [16.19151, 51.43427], [16.19133, 51.43417], [16.19032, 51.43572], [16.19011, 51.43609], [16.18978, 51.43665], [16.1908, 51.43701], [16.1917, 51.43732], [16.1919, 51.4374], [16.19203, 51.43727], [16.1921, 51.43716], [16.19254, 51.43647], [16.19284, 51.43606], [16.19284, 51.43606], [16.19311, 51.43562], [16.1935, 51.43511], [16.19375, 51.4346], [16.19312, 51.43443]]]]}, "properties": {"nadlesnictwo": "Lubin", "oddzial": "177", "pododdzial": "l", "gatunek": "SO", "wiek": 15, "powierzchnia_ha": 5.69, "ochronnosc": "OCH MIAST", "siedlisko": "BMŚW", "powod": "drzewostan ≥100 lat", "wiek_z_planu": 110}}, {"type": "Feature", "geometry": {"type": "MultiPolygon", "coordinates": [[[[16.23139, 51.41851], [16.23161, 51.41862], [16.23178, 51.41874], [16.23178, 51.41887], [16.23173, 51.41904], [16.232, 51.41917], [16.23216, 51.41932], [16.23241, 51.41948], [16.23263, 51.41957], [16.23277, 51.41954], [16.23304, 51.41936], [16.2334, 51.41902], [16.23381, 51.41848], [16.23363, 51.41845], [16.23259, 51.41826], [16.23259, 51.41826], [16.23217, 51.41815], [16.23114, 51.41788], [16.22925, 51.41748], [16.22868, 51.4181], [16.22858, 51.41822], [16.22849, 51.41855], [16.22875, 51.41875], [16.22928, 51.41894], [16.23016, 51.41908], [16.23109, 51.41922], [16.23122, 51.41908], [16.23091, 51.41885], [16.23061, 51.4187], [16.23072, 51.41843], [16.23107, 51.41851], [16.23139, 51.41851]]]]}, "properties": {"nadlesnictwo": "Lubin", "oddzial": "206", "pododdzial": "n", "gatunek": "SO", "wiek": 26, "powierzchnia_ha": 4.21, "ochronnosc": "OCH MIAST", "siedlisko": "LMŚW", "powod": "drzewostan ≥100 lat", "wiek_z_planu": 110}}, {"type": "Feature", "geometry": {"type": "MultiPolygon", "coordinates": [[[[16.22096, 51.42533], [16.22101, 51.42533], [16.22104, 51.42525], [16.22112, 51.42502], [16.22143, 51.42417], [16.22143, 51.42417], [16.22173, 51.42337], [16.22173, 51.42335], [16.2217, 51.42336], [16.22159, 51.42339], [16.22028, 51.42368], [16.22026, 51.42367], [16.21888, 51.42232], [16.21789, 51.42288], [16.2175, 51.42311], [16.21857, 51.42417], [16.21814, 51.42429], [16.21793, 51.42436], [16.21795, 51.42438], [16.218, 51.42444], [16.2181, 51.42457], [16.21811, 51.4247], [16.21786, 51.4248], [16.21784, 51.42482], [16.21787, 51.42485], [16.21801, 51.42492], [16.21812, 51.42494], [16.21835, 51.42486], [16.21839, 51.42484], [16.21867, 51.42511], [16.21882, 51.42506], [16.21902, 51.42521], [16.21903, 51.42521], [16.21931, 51.42539], [16.21949, 51.42553], [16.21963, 51.42557], [16.21978, 51.42556], [16.22009, 51.42551], [16.22096, 51.42533]]]]}, "properties": {"nadlesnictwo": "Lubin", "oddzial": "208", "pododdzial": "d", "gatunek": "SO", "wiek": 18, "powierzchnia_ha": 5.63, "ochronnosc": "OCH MIAST", "siedlisko": "BMŚW", "powod": "drzewostan ≥100 lat", "wiek_z_planu": 110}}, {"type": "Feature", "geometry": {"type": "MultiPolygon", "coordinates": [[[[16.31944, 51.43963], [16.31941, 51.43966], [16.31876, 51.44002], [16.31811, 51.44038], [16.31773, 51.44058], [16.31745, 51.4408], [16.31737, 51.44092], [16.31742, 51.44093], [16.31928, 51.4414], [16.31958, 51.44107], [16.31972, 51.44077], [16.31979, 51.44061], [16.31969, 51.44016], [16.31944, 51.43963]]]]}, "properties": {"nadlesnictwo": "Lubin", "oddzial": "212", "pododdzial": "b", "gatunek": "SO", "wiek": 9, "powierzchnia_ha": 1.7, "ochronnosc": "OCH MIAST", "siedlisko": "BMŚW", "powod": "drzewostan ≥100 lat", "wiek_z_planu": 105}}, {"type": "Feature", "geometry": {"type": "MultiPolygon", "coordinates": [[[[16.32038, 51.45937], [16.32052, 51.45947], [16.32071, 51.45964], [16.32082, 51.4598], [16.32096, 51.45986], [16.32157, 51.46016], [16.32166, 51.46021], [16.32228, 51.4601], [16.32166, 51.45929], [16.3216, 51.45922], [16.32159, 51.45919], [16.32076, 51.45808], [16.32071, 51.45801], [16.3203, 51.45741], [16.3188, 51.45759], [16.31892, 51.45781], [16.31898, 51.45796], [16.31911, 51.45818], [16.3193, 51.45842], [16.31948, 51.45863], [16.31959, 51.45879], [16.31971, 51.45894], [16.31979, 51.45901], [16.31983, 51.45904], [16.3199, 51.45909], [16.32017, 51.45925], [16.32038, 51.45937]]]]}, "properties": {"nadlesnictwo": "Lubin", "oddzial": "197", "pododdzial": "b", "gatunek": "SO", "wiek": 9, "powierzchnia_ha": 2.96, "ochronnosc": "OCH MIAST", "siedlisko": "BMŚW", "powod": "drzewostan ≥100 lat", "wiek_z_planu": 100}}, {"type": "Feature", "geometry": {"type": "MultiPolygon", "coordinates": [[[[16.32558, 51.43634], [16.32553, 51.43633], [16.32518, 51.43624], [16.32401, 51.43593], [16.32351, 51.4358], [16.32352, 51.43586], [16.32364, 51.43621], [16.32369, 51.43634], [16.32371, 51.43641], [16.32389, 51.43694], [16.32391, 51.43706], [16.32391, 51.43707], [16.32395, 51.43706], [16.32396, 51.43725], [16.32396, 51.43732], [16.32395, 51.43741], [16.32549, 51.43727], [16.3256, 51.43726], [16.32632, 51.43653], [16.32628, 51.43652], [16.32624, 51.43651], [16.32558, 51.43634]]]]}, "properties": {"nadlesnictwo": "Lubin", "oddzial": "211", "pododdzial": "f", "gatunek": "DB", "wiek": 110, "powierzchnia_ha": 1.93, "ochronnosc": "OCH WOD", "siedlisko": "LW", "powod": "drzewostan ≥100 lat", "wiek_z_planu": 104}}, {"type": "Feature", "geometry": {"type": "MultiPolygon", "coordinates": [[[[16.31213, 51.46121], [16.31183, 51.46125], [16.31186, 51.46134], [16.31185, 51.46168], [16.31332, 51.46166], [16.31448, 51.46157], [16.31471, 51.46148], [16.31476, 51.46146], [16.31508, 51.46107], [16.31528, 51.46066], [16.31519, 51.46042], [16.31451, 51.46093], [16.31213, 51.46121]]]]}, "properties": {"nadlesnictwo": "Lubin", "oddzial": "198", "pododdzial": "a", "gatunek": "DB", "wiek": 155, "powierzchnia_ha": 1.44, "ochronnosc": "OCH MIAST", "siedlisko": "LMŚW", "powod": "drzewostan ≥100 lat", "wiek_z_planu": 103}}, {"type": "Feature", "geometry": {"type": "MultiPolygon", "coordinates": [[[[16.31837, 51.45682], [16.31842, 51.45682], [16.31984, 51.45675], [16.31952, 51.45626], [16.31929, 51.45554], [16.31906, 51.45482], [16.31746, 51.45493], [16.31752, 51.45497], [16.31765, 51.45508], [16.31773, 51.45515], [16.31778, 51.4552], [16.31785, 51.45536], [16.31792, 51.45567], [16.31796, 51.45582], [16.31802, 51.45604], [16.31811, 51.45629], [16.31825, 51.45664], [16.31833, 51.45676], [16.31837, 51.45682]]]]}, "properties": {"nadlesnictwo": "Lubin", "oddzial": "202", "pododdzial": "a", "gatunek": "SO", "wiek": 68, "powierzchnia_ha": 2.07, "ochronnosc": "OCH MIAST", "siedlisko": "LMŚW", "powod": "drzewostan ≥100 lat", "wiek_z_planu": 100}}, {"type": "Feature", "geometry": {"type": "MultiPolygon", "coordinates": [[[[16.22194, 51.43113], [16.22206, 51.43122], [16.22214, 51.43128], [16.22221, 51.43133], [16.22265, 51.43155], [16.22298, 51.43166], [16.22305, 51.43168], [16.22309, 51.43169], [16.22321, 51.43172], [16.22348, 51.43122], [16.22386, 51.43063], [16.22485, 51.42936], [16.22462, 51.42943], [16.22425, 51.42955], [16.22199, 51.43027], [16.22179, 51.43034], [16.22174, 51.43035], [16.22172, 51.43044], [16.22163, 51.43077], [16.22163, 51.43078], [16.22163, 51.43078], [16.22175, 51.43092], [16.22194, 51.43113]]]]}, "properties": {"nadlesnictwo": "Lubin", "oddzial": "202", "pododdzial": "g", "gatunek": "SO", "wiek": 80, "powierzchnia_ha": 2.54, "ochronnosc": "OCH MIAST", "siedlisko": "BMŚW", "powod": "drzewostan ≥100 lat", "wiek_z_planu": 101}}, {"type": "Feature", "geometry": {"type": "MultiPolygon", "coordinates": [[[[16.3045, 51.43981], [16.30439, 51.43985], [16.30422, 51.43992], [16.30418, 51.43993], [16.3041, 51.43989], [16.30407, 51.43992], [16.30316, 51.44094], [16.303, 51.44113], [16.30302, 51.44117], [16.30303, 51.44119], [16.30304, 51.44121], [16.30302, 51.44154], [16.30285, 51.44196], [16.30285, 51.4421], [16.30296, 51.44228], [16.30298, 51.44231], [16.30329, 51.44217], [16.30362, 51.44201], [16.30385, 51.44198], [16.304, 51.44189], [16.30417, 51.4417], [16.30432, 51.44156], [16.30459, 51.44157], [16.30528, 51.44156], [16.30604, 51.44153], [16.30715, 51.44151], [16.30715, 51.44151], [16.30715, 51.4415], [16.30714, 51.44149], [16.30702, 51.44138], [16.30685, 51.44118], [16.30665, 51.44105], [16.30638, 51.44086], [16.30625, 51.44078], [16.30603, 51.44065], [16.30594, 51.44061], [16.30595, 51.4406], [16.30593, 51.44059], [16.30484, 51.43999], [16.30452, 51.4398], [16.3045, 51.43981]]]]}, "properties": {"nadlesnictwo": "Lubin", "oddzial": "209", "pododdzial": "d", "gatunek": "SO", "wiek": 10, "powierzchnia_ha": 3.84, "ochronnosc": "OCH MIAST", "siedlisko": "BMŚW", "powod": "drzewostan ≥100 lat", "wiek_z_planu": 100}}, {"type": "Feature", "geometry": {"type": "MultiPolygon", "coordinates": [[[[16.31791, 51.4273], [16.31797, 51.42728], [16.31824, 51.42719], [16.31905, 51.4269], [16.31991, 51.42657], [16.31854, 51.42572], [16.31831, 51.42565], [16.31798, 51.42631], [16.31797, 51.42635], [16.31795, 51.42642], [16.31787, 51.42654], [16.31754, 51.42684], [16.31729, 51.42705], [16.31702, 51.42719], [16.31697, 51.42722], [16.31696, 51.42731], [16.31791, 51.4273]]]]}, "properties": {"nadlesnictwo": "Lubin", "oddzial": "224", "pododdzial": "f", "gatunek": "OL", "wiek": 93, "powierzchnia_ha": 1.58, "ochronnosc": "OCH WOD", "siedlisko": "LW", "powod": "drzewostan ≥100 lat", "wiek_z_planu": 100}}, {"type": "Feature", "geometry": {"type": "MultiPolygon", "coordinates": [[[[15.9273, 51.50896], [15.92763, 51.50868], [15.92766, 51.50866], [15.92783, 51.50845], [15.92778, 51.50816], [15.92762, 51.50796], [15.92719, 51.50781], [15.92693, 51.50784], [15.9265, 51.50764], [15.92662, 51.50733], [15.92625, 51.50729], [15.92537, 51.50718], [15.92532, 51.5072], [15.92504, 51.50729], [15.92589, 51.50817], [15.92623, 51.50852], [15.92654, 51.50885], [15.92681, 51.50912], [15.92688, 51.5092], [15.92694, 51.50926], [15.92721, 51.50911], [15.9273, 51.50896]]]]}, "properties": {"nadlesnictwo": "Lubin", "oddzial": "357", "pododdzial": "b", "gatunek": "SO", "wiek": 23, "powierzchnia_ha": 1.96, "ochronnosc": null, "siedlisko": "BŚW", "powod": "drzewostan ≥100 lat", "wiek_z_planu": 150}}, {"type": "Feature", "geometry": {"type": "MultiPolygon", "coordinates": [[[[15.92167, 51.50803], [15.92143, 51.50811], [15.92163, 51.50845], [15.92143, 51.50852], [15.92093, 51.50871], [15.92092, 51.50871], [15.92108, 51.5089], [15.92122, 51.50908], [15.92152, 51.50938], [15.92184, 51.50962], [15.9222, 51.50957], [15.92253, 51.50945], [15.92333, 51.50922], [15.92335, 51.50921], [15.92341, 51.50921], [15.92389, 51.50913], [15.92395, 51.50912], [15.92425, 51.50908], [15.92432, 51.50907], [15.92478, 51.50899], [15.92477, 51.50899], [15.92373, 51.50772], [15.92314, 51.50794], [15.92307, 51.50797], [15.92268, 51.50782], [15.92241, 51.50783], [15.92167, 51.50803]]]]}, "properties": {"nadlesnictwo": "Lubin", "oddzial": "357", "pododdzial": "d", "gatunek": "SO", "wiek": 23, "powierzchnia_ha": 3.31, "ochronnosc": null, "siedlisko": "BŚW", "powod": "drzewostan ≥100 lat", "wiek_z_planu": 140}}, {"type": "Feature", "geometry": {"type": "MultiPolygon", "coordinates": [[[[15.92105, 51.50982], [15.92148, 51.50971], [15.92182, 51.50962], [15.92183, 51.50962], [15.92184, 51.50962], [15.92152, 51.50938], [15.92122, 51.50908], [15.92108, 51.5089], [15.92092, 51.50871], [15.92029, 51.50892], [15.91957, 51.50913], [15.91896, 51.5093], [15.91838, 51.50941], [15.91784, 51.50952], [15.91754, 51.5096], [15.91751, 51.50961], [15.91757, 51.50965], [15.91872, 51.51047], [15.91905, 51.51071], [15.92091, 51.51016], [15.92105, 51.50982]]]]}, "properties": {"nadlesnictwo": "Lubin", "oddzial": "357", "pododdzial": "f", "gatunek": "SO", "wiek": 16, "powierzchnia_ha": 3.3, "ochronnosc": null, "siedlisko": "BŚW", "powod": "drzewostan ≥100 lat", "wiek_z_planu": 125}}, {"type": "Feature", "geometry": {"type": "MultiPolygon", "coordinates": [[[[15.98356, 51.51358], [15.98324, 51.51365], [15.98288, 51.51374], [15.98226, 51.51387], [15.98224, 51.51387], [15.98222, 51.51388], [15.98164, 51.51393], [15.98051, 51.51405], [15.98017, 51.51427], [15.98016, 51.51427], [15.98014, 51.51429], [15.9798, 51.5145], [15.97895, 51.51503], [15.97737, 51.51601], [15.97837, 51.51658], [15.97858, 51.51645], [15.98119, 51.51482], [15.98211, 51.51426], [15.98256, 51.51412], [15.98319, 51.51381], [15.98363, 51.51361], [15.98364, 51.51361], [15.98365, 51.51356], [15.98356, 51.51358]]]]}, "properties": {"nadlesnictwo": "Lubin", "oddzial": "361", "pododdzial": "d", "gatunek": "SO", "wiek": 27, "powierzchnia_ha": 3.57, "ochronnosc": "OCH OBR", "siedlisko": "BŚW", "powod": "drzewostan ≥100 lat", "wiek_z_planu": 145}}, {"type": "Feature", "geometry": {"type": "MultiPolygon", "coordinates": [[[[15.97737, 51.51601], [15.97895, 51.51503], [15.9798, 51.5145], [15.98014, 51.51429], [15.98016, 51.51427], [15.98017, 51.51427], [15.98011, 51.51427], [15.97911, 51.51441], [15.97751, 51.51462], [15.97545, 51.5149], [15.97737, 51.51601]]]]}, "properties": {"nadlesnictwo": "Lubin", "oddzial": "362", "pododdzial": "a", "gatunek": "SO", "wiek": 21, "powierzchnia_ha": 2.31, "ochronnosc": null, "siedlisko": "BŚW", "powod": "drzewostan ≥100 lat", "wiek_z_planu": 145}}, {"type": "Feature", "geometry": {"type": "MultiPolygon", "coordinates": [[[[16.00825, 51.51355], [16.00814, 51.51348], [16.00729, 51.51294], [16.00661, 51.5125], [16.00651, 51.51256], [16.0045, 51.51379], [16.00414, 51.51401], [16.00406, 51.51406], [16.00548, 51.51516], [16.00573, 51.51536], [16.00617, 51.51504], [16.00637, 51.51483], [16.00665, 51.51461], [16.00705, 51.51429], [16.00727, 51.5141], [16.00764, 51.5139], [16.00825, 51.51355]]]]}, "properties": {"nadlesnictwo": "Lubin", "oddzial": "382", "pododdzial": "d", "gatunek": "BRZ", "wiek": 24, "powierzchnia_ha": 4.16, "ochronnosc": null, "siedlisko": "BMŚW", "powod": "drzewostan ≥100 lat", "wiek_z_planu": 145}}, {"type": "Feature", "geometry": {"type": "MultiPolygon", "coordinates": [[[[16.02245, 51.52425], [16.02235, 51.52403], [16.0223, 51.52392], [16.02136, 51.52218], [16.02082, 51.52223], [16.02031, 51.5217], [16.02003, 51.52121], [16.02001, 51.52118], [16.01986, 51.52115], [16.01916, 51.52104], [16.01885, 51.52098], [16.01861, 51.52091], [16.01857, 51.52089], [16.01833, 51.52081], [16.01816, 51.52073], [16.01809, 51.52071], [16.01803, 51.52068], [16.01805, 51.5207], [16.01815, 51.52086], [16.01885, 51.52197], [16.01891, 51.52207], [16.01937, 51.52191], [16.01961, 51.52229], [16.01932, 51.52234], [16.01949, 51.52257], [16.01976, 51.52258], [16.02002, 51.52295], [16.0202, 51.52325], [16.02063, 51.52402], [16.02066, 51.52406], [16.02097, 51.52398], [16.02108, 51.52426], [16.02154, 51.52418], [16.02245, 51.52425]]]]}, "properties": {"nadlesnictwo": "Lubin", "oddzial": "339", "pododdzial": "d", "gatunek": "SO", "wiek": 20, "powierzchnia_ha": 4.21, "ochronnosc": "OCH USZK", "siedlisko": "BŚW", "powod": "drzewostan ≥100 lat", "wiek_z_planu": 142}}, {"type": "Feature", "geometry": {"type": "MultiPolygon", "coordinates": [[[[15.93546, 51.50203], [15.93506, 51.50198], [15.93506, 51.50202], [15.93511, 51.50312], [15.93516, 51.50361], [15.93522, 51.50393], [15.93531, 51.50403], [15.93532, 51.50417], [15.9353, 51.5045], [15.93526, 51.50475], [15.93529, 51.50522], [15.93514, 51.5053], [15.93516, 51.50589], [15.93552, 51.50581], [15.93607, 51.50566], [15.93613, 51.50565], [15.9362, 51.50563], [15.93613, 51.50539], [15.93605, 51.50535], [15.93603, 51.50471], [15.93604, 51.50386], [15.93605, 51.50301], [15.93608, 51.50288], [15.93609, 51.50204], [15.93572, 51.50204], [15.93546, 51.50203]]]]}, "properties": {"nadlesnictwo": "Lubin", "oddzial": "353", "pododdzial": "d", "gatunek": "SO", "wiek": 27, "powierzchnia_ha": 2.53, "ochronnosc": null, "siedlisko": "BŚW", "powod": "drzewostan ≥100 lat", "wiek_z_planu": 140}}, {"type": "Feature", "geometry": {"type": "MultiPolygon", "coordinates": [[[[16.00867, 51.50686], [16.00866, 51.50686], [16.00823, 51.50697], [16.00793, 51.50705], [16.0075, 51.50718], [16.00712, 51.5073], [16.00706, 51.50734], [16.00691, 51.50743], [16.00662, 51.50762], [16.00604, 51.50799], [16.00599, 51.50802], [16.00741, 51.5076], [16.00828, 51.50839], [16.00936, 51.50781], [16.01093, 51.50671], [16.01115, 51.50657], [16.01141, 51.50641], [16.01139, 51.50617], [16.01112, 51.50623], [16.011, 51.50626], [16.01076, 51.50632], [16.01075, 51.50632], [16.01045, 51.5064], [16.00867, 51.50686]]]]}, "properties": {"nadlesnictwo": "Lubin", "oddzial": "394", "pododdzial": "d", "gatunek": "SO", "wiek": 50, "powierzchnia_ha": 3.03, "ochronnosc": null, "siedlisko": "BMŚW", "powod": "drzewostan ≥100 lat", "wiek_z_planu": 140}}, {"type": "Feature", "geometry": {"type": "MultiPolygon", "coordinates": [[[[15.98943, 51.49547], [15.98933, 51.49555], [15.98925, 51.49571], [15.98919, 51.49582], [15.98909, 51.49599], [15.98892, 51.49603], [15.98876, 51.49604], [15.98842, 51.49614], [15.98841, 51.49614], [15.98816, 51.49652], [15.9878, 51.49704], [15.98744, 51.49755], [15.98744, 51.49755], [15.98741, 51.49759], [15.98748, 51.49763], [15.98765, 51.49774], [15.98803, 51.49753], [15.98818, 51.49735], [15.9892, 51.49669], [15.99048, 51.49584], [15.99076, 51.49572], [15.99092, 51.49562], [15.99091, 51.49562], [15.99067, 51.49559], [15.99032, 51.49553], [15.99023, 51.4955], [15.9898, 51.49546], [15.98943, 51.49547]]]]}, "properties": {"nadlesnictwo": "Lubin", "oddzial": "399", "pododdzial": "c", "gatunek": "SO", "wiek": 13, "powierzchnia_ha": 1.85, "ochronnosc": null, "siedlisko": "BŚW", "powod": "drzewostan ≥100 lat", "wiek_z_planu": 140}}, {"type": "Feature", "geometry": {"type": "MultiPolygon", "coordinates": [[[[16.01062, 51.49401], [16.01052, 51.49411], [16.01031, 51.49438], [16.01006, 51.49481], [16.00978, 51.49516], [16.00971, 51.49528], [16.00932, 51.49576], [16.00923, 51.4958], [16.00922, 51.49581], [16.00904, 51.49575], [16.00839, 51.49562], [16.00815, 51.49605], [16.00765, 51.49617], [16.00723, 51.49619], [16.00698, 51.49658], [16.0067, 51.497], [16.0067, 51.497], [16.00701, 51.49703], [16.00713, 51.49704], [16.00751, 51.49711], [16.00754, 51.49712], [16.00764, 51.49705], [16.00866, 51.4964], [16.00937, 51.49595], [16.00958, 51.49582], [16.01047, 51.49525], [16.01159, 51.49454], [16.01234, 51.49407], [16.01236, 51.49405], [16.01143, 51.49387], [16.0105, 51.49368], [16.01047, 51.49368], [16.01046, 51.49367], [16.01045, 51.4937], [16.01066, 51.49398], [16.01062, 51.49401]]]]}, "properties": {"nadlesnictwo": "Lubin", "oddzial": "409", "pododdzial": "c", "gatunek": "SO", "wiek": 13, "powierzchnia_ha": 2.79, "ochronnosc": null, "siedlisko": "BMŚW", "powod": "drzewostan ≥100 lat", "wiek_z_planu": 140}}, {"type": "Feature", "geometry": {"type": "MultiPolygon", "coordinates": [[[[16.00734, 51.49283], [16.00655, 51.49255], [16.00652, 51.49257], [16.00651, 51.49257], [16.00581, 51.49303], [16.00543, 51.49329], [16.00527, 51.49339], [16.00522, 51.49342], [16.0051, 51.49405], [16.005, 51.49459], [16.00505, 51.49459], [16.00755, 51.49291], [16.00734, 51.49283]]]]}, "properties": {"nadlesnictwo": "Lubin", "oddzial": "409", "pododdzial": "f", "gatunek": "SO", "wiek": 26, "powierzchnia_ha": 1.55, "ochronnosc": null, "siedlisko": "BŚW", "powod": "drzewostan ≥100 lat", "wiek_z_planu": 140}}, {"type": "Feature", "geometry": {"type": "MultiPolygon", "coordinates": [[[[15.99994, 51.5039], [15.9988, 51.50459], [15.99886, 51.50462], [15.99916, 51.5048], [15.99916, 51.50481], [15.99962, 51.50508], [15.9999, 51.50525], [15.99996, 51.50529], [16.00104, 51.5046], [16.00183, 51.50413], [16.00295, 51.50479], [16.00296, 51.5048], [16.00298, 51.50479], [16.0035, 51.50446], [16.00348, 51.50445], [16.00346, 51.50444], [16.00305, 51.50417], [16.00241, 51.50378], [16.00302, 51.50343], [16.00466, 51.50226], [16.00579, 51.50167], [16.00536, 51.50166], [16.00517, 51.50165], [16.00424, 51.50162], [16.00316, 51.50159], [16.00308, 51.50181], [16.00273, 51.50212], [15.99994, 51.5039]]]]}, "properties": {"nadlesnictwo": "Lubin", "oddzial": "396", "pododdzial": "b", "gatunek": "SO", "wiek": 8, "powierzchnia_ha": 6.16, "ochronnosc": null, "siedlisko": "BMŚW", "powod": "drzewostan ≥100 lat", "wiek_z_planu": 136}}, {"type": "Feature", "geometry": {"type": "MultiPolygon", "coordinates": [[[[15.91382, 51.50467], [15.91366, 51.50453], [15.91312, 51.50405], [15.91299, 51.50393], [15.9124, 51.5045], [15.91189, 51.50505], [15.91137, 51.50558], [15.91076, 51.50646], [15.91177, 51.50614], [15.91245, 51.50589], [15.9146, 51.50537], [15.91462, 51.50537], [15.91414, 51.50496], [15.91396, 51.50481], [15.91382, 51.50467]]]]}, "properties": {"nadlesnictwo": "Lubin", "oddzial": "356", "pododdzial": "n", "gatunek": "SO", "wiek": 60, "powierzchnia_ha": 2.9, "ochronnosc": null, "siedlisko": "BŚW", "powod": "drzewostan ≥100 lat", "wiek_z_planu": 135}}, {"type": "Feature", "geometry": {"type": "MultiPolygon", "coordinates": [[[[15.9196, 51.50428], [15.91916, 51.50437], [15.91938, 51.50472], [15.9208, 51.50506], [15.92129, 51.50517], [15.92132, 51.50518], [15.92133, 51.50516], [15.92214, 51.50415], [15.9224, 51.50382], [15.92244, 51.50377], [15.9225, 51.5037], [15.92252, 51.50368], [15.92248, 51.50368], [15.92244, 51.50369], [15.92218, 51.50375], [15.9221, 51.50376], [15.92148, 51.50389], [15.9199, 51.50422], [15.9196, 51.50428]]]]}, "properties": {"nadlesnictwo": "Lubin", "oddzial": "356", "pododdzial": "a", "gatunek": "SO", "wiek": 26, "powierzchnia_ha": 1.77, "ochronnosc": null, "siedlisko": "BŚW", "powod": "drzewostan ≥100 lat", "wiek_z_planu": 135}}, {"type": "Feature", "geometry": {"type": "MultiPolygon", "coordinates": [[[[15.92025, 51.50287], [15.91965, 51.50357], [15.91963, 51.50358], [15.91938, 51.50396], [15.91936, 51.50415], [15.91929, 51.50429], [15.91931, 51.50429], [15.91953, 51.50424], [15.91963, 51.50422], [15.91985, 51.50417], [15.92007, 51.50413], [15.92144, 51.50385], [15.92148, 51.50384], [15.92197, 51.50374], [15.92161, 51.50345], [15.92136, 51.50363], [15.92121, 51.50355], [15.92093, 51.50329], [15.92058, 51.50279], [15.92025, 51.50287]]]]}, "properties": {"nadlesnictwo": "Lubin", "oddzial": "356", "pododdzial": "c", "gatunek": "SO", "wiek": 26, "powierzchnia_ha": 1.36, "ochronnosc": null, "siedlisko": "BŚW", "powod": "drzewostan ≥100 lat", "wiek_z_planu": 135}}, {"type": "Feature", "geometry": {"type": "MultiPolygon", "coordinates": [[[[15.92353, 51.50206], [15.92382, 51.50204], [15.92382, 51.50204], [15.92385, 51.50204], [15.92391, 51.50197], [15.92404, 51.50181], [15.92406, 51.50179], [15.9241, 51.50173], [15.92415, 51.50168], [15.92416, 51.50167], [15.92408, 51.50164], [15.92394, 51.5015], [15.92345, 51.50142], [15.92338, 51.50162], [15.92265, 51.50148], [15.92261, 51.50128], [15.92108, 51.5009], [15.92099, 51.50094], [15.92083, 51.50104], [15.92033, 51.50136], [15.91973, 51.5016], [15.91944, 51.50168], [15.9187, 51.50191], [15.91867, 51.50192], [15.9186, 51.50194], [15.91901, 51.50193], [15.92045, 51.50198], [15.9206, 51.50199], [15.92153, 51.50206], [15.92184, 51.50207], [15.92313, 51.50207], [15.92353, 51.50206]]]]}, "properties": {"nadlesnictwo": "Lubin", "oddzial": "356", "pododdzial": "h", "gatunek": "SO", "wiek": 23, "powierzchnia_ha": 2.47, "ochronnosc": null, "siedlisko": "BŚW", "powod": "drzewostan ≥100 lat", "wiek_z_planu": 135}}, {"type": "Feature", "geometry": {"type": "MultiPolygon", "coordinates": [[[[15.97444, 51.48575], [15.97492, 51.48518], [15.97513, 51.48493], [15.97474, 51.48481], [15.97416, 51.48466], [15.97414, 51.48465], [15.97319, 51.48585], [15.97294, 51.48577], [15.97269, 51.48574], [15.97205, 51.48561], [15.97186, 51.48594], [15.97181, 51.48604], [15.9738, 51.48656], [15.97402, 51.48661], [15.97405, 51.48629], [15.97444, 51.48575]]]]}, "properties": {"nadlesnictwo": "Lubin", "oddzial": "403", "pododdzial": "h", "gatunek": "SO", "wiek": 19, "powierzchnia_ha": 1.98, "ochronnosc": null, "siedlisko": "BŚW", "powod": "drzewostan ≥100 lat", "wiek_z_planu": 135}}, {"type": "Feature", "geometry": {"type": "MultiPolygon", "coordinates": [[[[16.02372, 51.51664], [16.0237, 51.51664], [16.02368, 51.51664], [16.02367, 51.51685], [16.0237, 51.51706], [16.02373, 51.5171], [16.02408, 51.5176], [16.02412, 51.51764], [16.02357, 51.51795], [16.02388, 51.51858], [16.02358, 51.51871], [16.02376, 51.5192], [16.02475, 51.51904], [16.02503, 51.51926], [16.02652, 51.51898], [16.02631, 51.51868], [16.02631, 51.51868], [16.02612, 51.51831], [16.02576, 51.51759], [16.02575, 51.51755], [16.02533, 51.51672], [16.02533, 51.51671], [16.02529, 51.51671], [16.02507, 51.51669], [16.02372, 51.51664]]]]}, "properties": {"nadlesnictwo": "Lubin", "oddzial": "338", "pododdzial": "g", "gatunek": "SO", "wiek": 80, "powierzchnia_ha": 3.98, "ochronnosc": "OCH USZK", "siedlisko": "BMŚW", "powod": "drzewostan ≥100 lat", "wiek_z_planu": 130}}, {"type": "Feature", "geometry": {"type": "MultiPolygon", "coordinates": [[[[15.96289, 51.5107], [15.96291, 51.51069], [15.96291, 51.51055], [15.96287, 51.51039], [15.9628, 51.51021], [15.96264, 51.51001], [15.9625, 51.50968], [15.96229, 51.50915], [15.96228, 51.50908], [15.96225, 51.50908], [15.96173, 51.50902], [15.96072, 51.50894], [15.96046, 51.50892], [15.96017, 51.5099], [15.95991, 51.51039], [15.95979, 51.51066], [15.95987, 51.51075], [15.96086, 51.51082], [15.96127, 51.51085], [15.96253, 51.51094], [15.96289, 51.5107]]]]}, "properties": {"nadlesnictwo": "Lubin", "oddzial": "348", "pododdzial": "d", "gatunek": "SO", "wiek": 28, "powierzchnia_ha": 3.5, "ochronnosc": null, "siedlisko": "BŚW", "powod": "drzewostan ≥100 lat", "wiek_z_planu": 130}}, {"type": "Feature", "geometry": {"type": "MultiPolygon", "coordinates": [[[[15.98895, 51.5202], [15.98963, 51.52041], [15.98902, 51.51939], [15.98902, 51.51938], [15.98889, 51.51927], [15.98854, 51.51869], [15.98832, 51.51882], [15.9882, 51.51889], [15.98744, 51.51933], [15.98741, 51.51935], [15.98722, 51.51946], [15.987, 51.51959], [15.98726, 51.51967], [15.98761, 51.51979], [15.98762, 51.5198], [15.98776, 51.51984], [15.98878, 51.52016], [15.98895, 51.5202]]]]}, "properties": {"nadlesnictwo": "Lubin", "oddzial": "359", "pododdzial": "h", "gatunek": "SO", "wiek": 100, "powierzchnia_ha": 1.45, "ochronnosc": null, "siedlisko": "BMŚW", "powod": "drzewostan ≥100 lat", "wiek_z_planu": 130}}, {"type": "Feature", "geometry": {"type": "MultiPolygon", "coordinates": [[[[15.94181, 51.4956], [15.94028, 51.49518], [15.9391, 51.49486], [15.93846, 51.49466], [15.93792, 51.49437], [15.93773, 51.49421], [15.93758, 51.49467], [15.93748, 51.49528], [15.93744, 51.49547], [15.93782, 51.4955], [15.94023, 51.49572], [15.94025, 51.4955], [15.94026, 51.4955], [15.9403, 51.4955], [15.94029, 51.49566], [15.94121, 51.49577], [15.94199, 51.49586], [15.94198, 51.49584], [15.942, 51.49567], [15.94202, 51.49565], [15.94201, 51.49565], [15.94181, 51.4956]]]]}, "properties": {"nadlesnictwo": "Lubin", "oddzial": "369", "pododdzial": "g", "gatunek": "SO", "wiek": 2, "powierzchnia_ha": 2.21, "ochronnosc": null, "siedlisko": "BŚW", "powod": "drzewostan ≥100 lat", "wiek_z_planu": 130}}, {"type": "Feature", "geometry": {"type": "MultiPolygon", "coordinates": [[[[16.0012, 51.51765], [15.99998, 51.5171], [15.99925, 51.51682], [15.999, 51.51672], [15.99895, 51.51674], [15.9988, 51.51682], [15.99963, 51.51815], [16.00023, 51.51815], [16.00043, 51.51816], [16.00177, 51.51817], [16.00188, 51.51817], [16.00175, 51.51787], [16.00143, 51.5177], [16.0012, 51.51765]]]]}, "properties": {"nadlesnictwo": "Lubin", "oddzial": "371", "pododdzial": "d", "gatunek": "SO", "wiek": 10, "powierzchnia_ha": 1.61, "ochronnosc": null, "siedlisko": "BMŚW", "powod": "drzewostan ≥100 lat", "wiek_z_planu": 127}}, {"type": "Feature", "geometry": {"type": "MultiPolygon", "coordinates": [[[[16.0035, 51.51677], [16.00327, 51.51667], [16.00276, 51.51643], [16.00257, 51.51634], [16.00221, 51.51623], [16.00185, 51.51612], [16.00126, 51.51593], [16.0009, 51.51584], [16.0007, 51.51582], [16.00069, 51.51583], [16.00011, 51.51613], [16.0024, 51.51712], [16.00228, 51.5173], [16.00205, 51.51746], [16.00175, 51.51787], [16.00188, 51.51817], [16.00329, 51.51817], [16.00481, 51.51817], [16.00632, 51.51816], [16.00612, 51.51808], [16.00557, 51.51782], [16.00546, 51.51777], [16.00524, 51.51766], [16.00495, 51.51749], [16.00475, 51.51738], [16.00454, 51.51727], [16.00445, 51.51722], [16.00437, 51.51716], [16.00435, 51.51715], [16.0042, 51.51709], [16.00409, 51.51704], [16.00376, 51.5169], [16.0035, 51.51677]]]]}, "properties": {"nadlesnictwo": "Lubin", "oddzial": "371", "pododdzial": "f", "gatunek": "SO", "wiek": 15, "powierzchnia_ha": 4.24, "ochronnosc": null, "siedlisko": "BMŚW", "powod": "drzewostan ≥100 lat", "wiek_z_planu": 130}}, {"type": "Feature", "geometry": {"type": "MultiPolygon", "coordinates": [[[[15.99117, 51.509], [15.9916, 51.50875], [15.99219, 51.50837], [15.99236, 51.50822], [15.99298, 51.50785], [15.99344, 51.50757], [15.99403, 51.50722], [15.99372, 51.50706], [15.99269, 51.50651], [15.99145, 51.50728], [15.99076, 51.5077], [15.9897, 51.50836], [15.98966, 51.50839], [15.99015, 51.50875], [15.99046, 51.50902], [15.99067, 51.50923], [15.99068, 51.50924], [15.99117, 51.509]]]]}, "properties": {"nadlesnictwo": "Lubin", "oddzial": "374", "pododdzial": "l", "gatunek": "SO", "wiek": 4, "powierzchnia_ha": 3.64, "ochronnosc": null, "siedlisko": "BMŚW", "powod": "drzewostan ≥100 lat", "wiek_z_planu": 130}}, {"type": "Feature", "geometry": {"type": "MultiPolygon", "coordinates": [[[[15.99077, 51.50544], [15.99068, 51.50541], [15.98992, 51.50512], [15.98722, 51.50685], [15.98811, 51.50737], [15.98846, 51.50759], [15.98879, 51.50725], [15.98991, 51.50651], [15.9913, 51.50574], [15.9912, 51.50568], [15.99077, 51.50544]]]]}, "properties": {"nadlesnictwo": "Lubin", "oddzial": "375", "pododdzial": "f", "gatunek": "SO", "wiek": 17, "powierzchnia_ha": 3.07, "ochronnosc": null, "siedlisko": "BMŚW", "powod": "drzewostan ≥100 lat", "wiek_z_planu": 130}}, {"type": "Feature", "geometry": {"type": "MultiPolygon", "coordinates": [[[[15.9885, 51.50459], [15.98611, 51.50616], [15.98609, 51.50617], [15.98633, 51.50632], [15.98638, 51.50635], [15.98722, 51.50685], [15.98992, 51.50512], [15.9885, 51.50459]]]]}, "properties": {"nadlesnictwo": "Lubin", "oddzial": "375", "pododdzial": "g", "gatunek": "SO", "wiek": 10, "powierzchnia_ha": 2.8, "ochronnosc": null, "siedlisko": "BMŚW", "powod": "drzewostan ≥100 lat", "wiek_z_planu": 130}}, {"type": "Feature", "geometry": {"type": "MultiPolygon", "coordinates": [[[[16.00145, 51.51205], [16.00219, 51.5126], [16.00227, 51.51266], [16.00227, 51.51267], [16.0032, 51.51192], [16.00399, 51.51145], [16.00517, 51.51067], [16.00693, 51.50965], [16.00702, 51.50959], [16.00699, 51.50957], [16.00672, 51.50941], [16.00668, 51.50938], [16.00613, 51.50905], [16.00418, 51.5103], [16.00145, 51.51205]]]]}, "properties": {"nadlesnictwo": "Lubin", "oddzial": "383", "pododdzial": "c", "gatunek": "SO", "wiek": 9, "powierzchnia_ha": 3.75, "ochronnosc": null, "siedlisko": "BŚW", "powod": "drzewostan ≥100 lat", "wiek_z_planu": 130}}, {"type": "Feature", "geometry": {"type": "MultiPolygon", "coordinates": [[[[16.00611, 51.50904], [16.00523, 51.5085], [16.00443, 51.50899], [16.00364, 51.50947], [16.00277, 51.50999], [16.00126, 51.5109], [16.00052, 51.51135], [16.00144, 51.51204], [16.00145, 51.51205], [16.00418, 51.5103], [16.00613, 51.50905], [16.00611, 51.50904]]]]}, "properties": {"nadlesnictwo": "Lubin", "oddzial": "383", "pododdzial": "d", "gatunek": null, "wiek": 0, "powierzchnia_ha": 4.25, "ochronnosc": null, "siedlisko": "BŚW", "powod": "drzewostan ≥100 lat", "wiek_z_planu": 130}}, {"type": "Feature", "geometry": {"type": "MultiPolygon", "coordinates": [[[[15.97429, 51.49773], [15.97418, 51.4978], [15.9741, 51.49785], [15.97491, 51.49852], [15.97499, 51.49858], [15.97519, 51.49847], [15.97542, 51.49838], [15.97554, 51.49846], [15.97578, 51.4984], [15.97583, 51.49848], [15.9761, 51.49852], [15.97632, 51.49855], [15.97655, 51.49868], [15.9767, 51.49868], [15.97704, 51.49858], [15.97715, 51.4985], [15.97724, 51.49847], [15.97728, 51.49842], [15.9773, 51.49838], [15.97841, 51.49792], [15.97837, 51.49785], [15.9783, 51.49775], [15.97726, 51.498], [15.97662, 51.49739], [15.97749, 51.49709], [15.97747, 51.49708], [15.97721, 51.4969], [15.97711, 51.49676], [15.97694, 51.49651], [15.97694, 51.49638], [15.97698, 51.49631], [15.97713, 51.49617], [15.97719, 51.49609], [15.97716, 51.49603], [15.97704, 51.49599], [15.97701, 51.49597], [15.97697, 51.49599], [15.97689, 51.49604], [15.97653, 51.49628], [15.97441, 51.49765], [15.97429, 51.49773]]]]}, "properties": {"nadlesnictwo": "Lubin", "oddzial": "389", "pododdzial": "c", "gatunek": "SO", "wiek": 25, "powierzchnia_ha": 3.77, "ochronnosc": null, "siedlisko": "BŚW", "powod": "drzewostan ≥100 lat", "wiek_z_planu": 130}}, {"type": "Feature", "geometry": {"type": "MultiPolygon", "coordinates": [[[[15.97342, 51.49543], [15.97468, 51.49464], [15.97546, 51.49419], [15.97578, 51.49392], [15.97477, 51.4933], [15.97439, 51.49358], [15.9743, 51.49363], [15.97425, 51.49366], [15.97337, 51.49419], [15.97303, 51.49444], [15.97285, 51.49457], [15.97267, 51.4947], [15.97259, 51.49476], [15.97259, 51.49476], [15.97299, 51.49509], [15.9727, 51.49519], [15.97277, 51.49525], [15.9732, 51.49525], [15.97342, 51.49543]]]]}, "properties": {"nadlesnictwo": "Lubin", "oddzial": "390", "pododdzial": "d", "gatunek": "SO", "wiek": 5, "powierzchnia_ha": 2.29, "ochronnosc": null, "siedlisko": "BMŚW", "powod": "drzewostan ≥100 lat", "wiek_z_planu": 129}}, {"type": "Feature", "geometry": {"type": "MultiPolygon", "coordinates": [[[[15.97701, 51.49597], [15.97745, 51.49568], [15.97777, 51.49547], [15.97749, 51.49522], [15.97721, 51.49494], [15.9769, 51.49465], [15.97728, 51.49439], [15.97838, 51.49495], [15.97849, 51.495], [15.97861, 51.49493], [15.97927, 51.4945], [15.97958, 51.4943], [15.97958, 51.4943], [15.97966, 51.49425], [15.98067, 51.49359], [15.98065, 51.49358], [15.98014, 51.49333], [15.97943, 51.493], [15.9794, 51.49298], [15.97864, 51.49359], [15.97849, 51.49363], [15.97842, 51.49359], [15.97815, 51.49344], [15.97804, 51.49339], [15.97744, 51.49309], [15.97685, 51.49283], [15.97588, 51.49245], [15.97558, 51.49233], [15.97544, 51.49228], [15.97543, 51.49231], [15.97526, 51.49259], [15.97498, 51.493], [15.97495, 51.49304], [15.97477, 51.4933], [15.97578, 51.49392], [15.97608, 51.49363], [15.97622, 51.4937], [15.97647, 51.49384], [15.97677, 51.49405], [15.97705, 51.49425], [15.97666, 51.49452], [15.97603, 51.49492], [15.97679, 51.49538], [15.97676, 51.4957], [15.97683, 51.49585], [15.97698, 51.49596], [15.97701, 51.49597]]]]}, "properties": {"nadlesnictwo": "Lubin", "oddzial": "390", "pododdzial": "f", "gatunek": "SO", "wiek": 92, "powierzchnia_ha": 5.97, "ochronnosc": null, "siedlisko": "BŚW", "powod": "drzewostan ≥100 lat", "wiek_z_planu": 130}}, {"type": "Feature", "geometry": {"type": "MultiPolygon", "coordinates": [[[[16.01371, 51.4939], [16.01527, 51.4929], [16.01464, 51.49249], [16.01427, 51.49269], [16.01412, 51.49277], [16.01411, 51.49278], [16.01315, 51.4934], [16.01284, 51.49375], [16.01236, 51.49405], [16.01234, 51.49407], [16.01159, 51.49454], [16.01047, 51.49525], [16.00958, 51.49582], [16.00937, 51.49595], [16.00866, 51.4964], [16.00764, 51.49705], [16.00754, 51.49712], [16.00764, 51.49714], [16.00807, 51.49725], [16.00829, 51.49732], [16.00834, 51.49733], [16.00855, 51.49739], [16.00916, 51.49753], [16.00959, 51.49766], [16.00961, 51.49767], [16.00963, 51.49765], [16.00964, 51.49763], [16.00972, 51.49752], [16.01062, 51.49773], [16.01081, 51.49738], [16.00996, 51.49718], [16.00994, 51.49718], [16.00994, 51.49718], [16.01036, 51.49653], [16.01063, 51.49616], [16.01063, 51.49616], [16.01243, 51.49499], [16.01244, 51.49498], [16.01351, 51.49428], [16.01351, 51.49428], [16.01321, 51.49422], [16.01371, 51.4939]]]]}, "properties": {"nadlesnictwo": "Lubin", "oddzial": "408", "pododdzial": "d", "gatunek": "SO", "wiek": 22, "powierzchnia_ha": 6.02, "ochronnosc": null, "siedlisko": "BMŚW", "powod": "drzewostan ≥100 lat", "wiek_z_planu": 130}}, {"type": "Feature", "geometry": {"type": "MultiPolygon", "coordinates": [[[[16.00713, 51.48991], [16.00688, 51.48998], [16.00591, 51.49028], [16.00494, 51.49058], [16.00455, 51.49071], [16.00445, 51.49057], [16.00432, 51.49043], [16.00431, 51.49034], [16.00435, 51.49026], [16.00436, 51.49015], [16.0043, 51.49004], [16.00414, 51.48997], [16.00413, 51.48998], [16.00357, 51.49067], [16.00323, 51.49111], [16.00259, 51.49143], [16.00196, 51.49175], [16.00196, 51.49175], [16.00141, 51.49201], [16.00159, 51.49231], [16.00169, 51.49331], [16.00159, 51.49376], [16.00152, 51.49388], [16.00156, 51.494], [16.00178, 51.49412], [16.00185, 51.4942], [16.00187, 51.49429], [16.00184, 51.4945], [16.00179, 51.49456], [16.00144, 51.49475], [16.00109, 51.4949], [16.00197, 51.49546], [16.00206, 51.49551], [16.0034, 51.49463], [16.00448, 51.49392], [16.00522, 51.49342], [16.00527, 51.49339], [16.00543, 51.49329], [16.00581, 51.49303], [16.00651, 51.49257], [16.00652, 51.49257], [16.00655, 51.49255], [16.00781, 51.49172], [16.00783, 51.49161], [16.00791, 51.49141], [16.00882, 51.49047], [16.01012, 51.48958], [16.0093, 51.48905], [16.00874, 51.48869], [16.00808, 51.48902], [16.00718, 51.48986], [16.00713, 51.48991]]]]}, "properties": {"nadlesnictwo": "Lubin", "oddzial": "410", "pododdzial": "a", "gatunek": "SO", "wiek": 75, "powierzchnia_ha": 17.15, "ochronnosc": null, "siedlisko": "BŚW", "powod": "drzewostan ≥100 lat", "wiek_z_planu": 130}}, {"type": "Feature", "geometry": {"type": "MultiPolygon", "coordinates": [[[[15.9987, 51.48773], [15.99845, 51.48807], [15.99843, 51.48809], [15.99858, 51.48819], [15.99895, 51.48786], [15.99919, 51.48771], [15.99936, 51.48764], [15.99957, 51.4876], [15.99972, 51.48738], [15.99974, 51.48735], [15.99986, 51.48718], [16.00008, 51.48696], [16.00005, 51.48682], [16.00033, 51.48673], [16.00051, 51.48686], [16.00079, 51.48673], [16.00172, 51.48619], [16.00183, 51.48612], [16.00323, 51.48519], [16.00328, 51.48516], [16.00321, 51.48511], [16.0026, 51.48472], [16.00207, 51.48506], [16.00129, 51.48556], [16.00039, 51.48615], [15.99976, 51.48656], [15.99943, 51.48677], [15.99939, 51.4868], [15.99937, 51.48682], [15.9987, 51.48773]]]]}, "properties": {"nadlesnictwo": "Lubin", "oddzial": "411", "pododdzial": "k", "gatunek": "SO", "wiek": 13, "powierzchnia_ha": 2.57, "ochronnosc": null, "siedlisko": "BMŚW", "powod": "drzewostan ≥100 lat", "wiek_z_planu": 130}}, {"type": "Feature", "geometry": {"type": "MultiPolygon", "coordinates": [[[[15.94503, 51.5051], [15.94514, 51.5051], [15.94532, 51.50473], [15.94531, 51.50472], [15.94469, 51.50433], [15.94434, 51.50426], [15.94413, 51.50421], [15.9431, 51.504], [15.94148, 51.50398], [15.94148, 51.50398], [15.94208, 51.50461], [15.94212, 51.50484], [15.94247, 51.50552], [15.94307, 51.5054], [15.94307, 51.5047], [15.94503, 51.5051]]]]}, "properties": {"nadlesnictwo": "Lubin", "oddzial": "352", "pododdzial": "b", "gatunek": "SO", "wiek": 75, "powierzchnia_ha": 2.27, "ochronnosc": null, "siedlisko": "BŚW", "powod": "drzewostan ≥100 lat", "wiek_z_planu": 125}}, {"type": "Feature", "geometry": {"type": "MultiPolygon", "coordinates": [[[[15.93385, 51.50619], [15.93386, 51.50601], [15.93387, 51.50572], [15.93391, 51.50494], [15.93398, 51.50371], [15.93401, 51.50308], [15.93405, 51.50227], [15.93406, 51.50222], [15.93402, 51.50222], [15.93396, 51.50221], [15.93338, 51.50215], [15.93313, 51.50213], [15.93309, 51.50304], [15.93313, 51.50373], [15.93311, 51.50439], [15.93317, 51.50472], [15.9332, 51.50496], [15.93315, 51.5054], [15.9331, 51.50626], [15.93311, 51.50644], [15.9332, 51.5064], [15.93348, 51.50631], [15.93382, 51.5062], [15.93385, 51.50619]]]]}, "properties": {"nadlesnictwo": "Lubin", "oddzial": "354", "pododdzial": "a", "gatunek": "SO", "wiek": 14, "powierzchnia_ha": 2.46, "ochronnosc": null, "siedlisko": "BŚW", "powod": "drzewostan ≥100 lat", "wiek_z_planu": 125}}, {"type": "Feature", "geometry": {"type": "MultiPolygon", "coordinates": [[[[15.93313, 51.50213], [15.93306, 51.50213], [15.93264, 51.50211], [15.93228, 51.50209], [15.93227, 51.50215], [15.93226, 51.50233], [15.93229, 51.50354], [15.93229, 51.50412], [15.93227, 51.50466], [15.93201, 51.50545], [15.9319, 51.50582], [15.93191, 51.50694], [15.93193, 51.50693], [15.93224, 51.50681], [15.93286, 51.50657], [15.93293, 51.50654], [15.93311, 51.50644], [15.9331, 51.50626], [15.93315, 51.5054], [15.9332, 51.50496], [15.93317, 51.50472], [15.93311, 51.50439], [15.93313, 51.50373], [15.93309, 51.50304], [15.93313, 51.50213]]]]}, "properties": {"nadlesnictwo": "Lubin", "oddzial": "354", "pododdzial": "b", "gatunek": "SO", "wiek": 5, "powierzchnia_ha": 3.46, "ochronnosc": null, "siedlisko": "BŚW", "powod": "drzewostan ≥100 lat", "wiek_z_planu": 125}}, {"type": "Feature", "geometry": {"type": "MultiPolygon", "coordinates": [[[[15.93229, 51.50354], [15.93226, 51.50233], [15.93227, 51.50215], [15.93228, 51.50209], [15.93243, 51.50136], [15.93194, 51.50132], [15.93137, 51.50129], [15.93121, 51.50126], [15.93101, 51.50129], [15.93095, 51.50129], [15.93076, 51.50192], [15.93074, 51.50224], [15.93063, 51.50316], [15.93064, 51.50359], [15.93064, 51.50433], [15.93049, 51.50498], [15.93038, 51.50546], [15.93024, 51.50601], [15.93001, 51.50664], [15.92992, 51.50697], [15.92978, 51.50729], [15.92976, 51.50759], [15.92986, 51.50759], [15.9311, 51.50759], [15.93118, 51.50752], [15.93169, 51.50712], [15.93191, 51.50694], [15.9319, 51.50582], [15.93201, 51.50545], [15.93227, 51.50466], [15.93229, 51.50412], [15.93229, 51.50354]]]]}, "properties": {"nadlesnictwo": "Lubin", "oddzial": "354", "pododdzial": "c", "gatunek": "SO", "wiek": 22, "powierzchnia_ha": 8.02, "ochronnosc": null, "siedlisko": "BŚW", "powod": "drzewostan ≥100 lat", "wiek_z_planu": 125}}, {"type": "Feature", "geometry": {"type": "MultiPolygon", "coordinates": [[[[15.92969, 51.50135], [15.92961, 51.50169], [15.9294, 51.50283], [15.92927, 51.50348], [15.92866, 51.50657], [15.92853, 51.50721], [15.92844, 51.50759], [15.9291, 51.50759], [15.92921, 51.50721], [15.92922, 51.50717], [15.92933, 51.50698], [15.92941, 51.50682], [15.92946, 51.50667], [15.9295, 51.50632], [15.92968, 51.50575], [15.92974, 51.50558], [15.92977, 51.50541], [15.92978, 51.50513], [15.92991, 51.50408], [15.93002, 51.5033], [15.93008, 51.50283], [15.93015, 51.50243], [15.93026, 51.50182], [15.93034, 51.50136], [15.93047, 51.50122], [15.93042, 51.50121], [15.93033, 51.50116], [15.9303, 51.50106], [15.93028, 51.50106], [15.92972, 51.50115], [15.92969, 51.50135]]]]}, "properties": {"nadlesnictwo": "Lubin", "oddzial": "354", "pododdzial": "f", "gatunek": "SO", "wiek": 4, "powierzchnia_ha": 3.75, "ochronnosc": null, "siedlisko": "BŚW", "powod": "drzewostan ≥100 lat", "wiek_z_planu": 125}}, {"type": "Feature", "geometry": {"type": "MultiPolygon", "coordinates": [[[[16.39861, 51.57093], [16.39867, 51.57194], [16.39868, 51.57202], [16.39868, 51.57206], [16.39871, 51.57203], [16.39894, 51.57166], [16.39924, 51.57143], [16.39931, 51.57137], [16.39968, 51.57109], [16.39971, 51.57108], [16.39973, 51.57107], [16.39996, 51.57098], [16.39993, 51.56951], [16.39983, 51.56951], [16.39881, 51.5695], [16.39863, 51.57075], [16.39863, 51.57076], [16.39861, 51.57093]]]]}, "properties": {"nadlesnictwo": "Lubin", "oddzial": "14", "pododdzial": "d", "gatunek": "SO", "wiek": 78, "powierzchnia_ha": 1.83, "ochronnosc": "OCH CENNE", "siedlisko": "LMŚW", "powod": "drzewostan ≥100 lat", "wiek_z_planu": 160}}, {"type": "Feature", "geometry": {"type": "MultiPolygon", "coordinates": [[[[16.28985, 51.53571], [16.29024, 51.53593], [16.29032, 51.5361], [16.29041, 51.53623], [16.29056, 51.53667], [16.29053, 51.53677], [16.29034, 51.5368], [16.29039, 51.53701], [16.29047, 51.53734], [16.28892, 51.53743], [16.28786, 51.53749], [16.28791, 51.53783], [16.28792, 51.53791], [16.28818, 51.53789], [16.29037, 51.5377], [16.29074, 51.53765], [16.29263, 51.53737], [16.29269, 51.53736], [16.29306, 51.53713], [16.29369, 51.53673], [16.29371, 51.53672], [16.29377, 51.53668], [16.2938, 51.53666], [16.29363, 51.53655], [16.29345, 51.53642], [16.2934, 51.53639], [16.29314, 51.53625], [16.29302, 51.53618], [16.293, 51.53618], [16.293, 51.53618], [16.29297, 51.53618], [16.29293, 51.53619], [16.29248, 51.53593], [16.29132, 51.53526], [16.2913, 51.53524], [16.29046, 51.5348], [16.28905, 51.534], [16.28844, 51.53444], [16.2879, 51.53478], [16.28773, 51.53496], [16.28762, 51.53508], [16.28762, 51.53516], [16.28844, 51.53504], [16.28969, 51.53486], [16.28983, 51.53529], [16.28912, 51.53539], [16.28762, 51.53559], [16.28762, 51.53585], [16.28766, 51.53607], [16.28771, 51.53635], [16.28771, 51.53635], [16.28905, 51.53623], [16.28902, 51.53596], [16.28949, 51.53569], [16.28985, 51.53571]]]]}, "properties": {"nadlesnictwo": "Lubin", "oddzial": "52", "pododdzial": "c", "gatunek": "SO", "wiek": 62, "powierzchnia_ha": 7.66, "ochronnosc": null, "siedlisko": "BMŚW", "powod": "drzewostan ≥100 lat", "wiek_z_planu": 160}}, {"type": "Feature", "geometry": {"type": "MultiPolygon", "coordinates": [[[[16.29339, 51.54047], [16.29266, 51.54085], [16.29241, 51.54099], [16.29233, 51.54103], [16.29237, 51.54106], [16.29241, 51.54108], [16.29255, 51.54115], [16.29339, 51.54161], [16.29409, 51.54201], [16.29417, 51.54205], [16.2942, 51.54206], [16.29425, 51.54203], [16.29563, 51.54115], [16.29584, 51.54102], [16.29585, 51.54101], [16.29627, 51.54079], [16.29684, 51.54048], [16.29682, 51.54047], [16.29611, 51.53998], [16.29562, 51.53962], [16.29529, 51.53935], [16.29529, 51.53935], [16.29523, 51.53938], [16.2945, 51.5398], [16.29339, 51.54047]]]]}, "properties": {"nadlesnictwo": "Lubin", "oddzial": "51", "pododdzial": "a", "gatunek": "SO", "wiek": 15, "powierzchnia_ha": 4.25, "ochronnosc": null, "siedlisko": "BMŚW", "powod": "drzewostan ≥100 lat", "wiek_z_planu": 120}}, {"type": "Feature", "geometry": {"type": "MultiPolygon", "coordinates": [[[[16.29638, 51.53744], [16.2961, 51.53739], [16.29599, 51.53735], [16.29593, 51.53734], [16.29586, 51.53733], [16.29547, 51.5373], [16.295, 51.5373], [16.29509, 51.53736], [16.29591, 51.53793], [16.2967, 51.53847], [16.29735, 51.53892], [16.29734, 51.53887], [16.29717, 51.53833], [16.29716, 51.53831], [16.29708, 51.53805], [16.297, 51.53779], [16.29696, 51.53769], [16.29671, 51.53765], [16.29665, 51.5375], [16.29641, 51.53744], [16.29638, 51.53744]]]]}, "properties": {"nadlesnictwo": "Lubin", "oddzial": "51", "pododdzial": "k", "gatunek": "SO", "wiek": 2, "powierzchnia_ha": 1.01, "ochronnosc": null, "siedlisko": "BMŚW", "powod": "drzewostan ≥100 lat", "wiek_z_planu": 150}}, {"type": "Feature", "geometry": {"type": "MultiPolygon", "coordinates": [[[[16.34675, 51.53361], [16.34658, 51.53341], [16.34646, 51.53324], [16.34636, 51.53306], [16.34623, 51.53282], [16.34615, 51.5327], [16.34604, 51.5325], [16.34598, 51.53235], [16.34595, 51.53229], [16.34591, 51.53229], [16.34531, 51.53232], [16.34488, 51.53234], [16.34493, 51.53381], [16.34533, 51.53418], [16.34549, 51.53415], [16.34588, 51.53408], [16.34611, 51.53406], [16.34683, 51.53394], [16.34684, 51.53393], [16.34684, 51.53391], [16.34683, 51.53384], [16.34683, 51.53384], [16.34684, 51.53381], [16.34685, 51.53378], [16.34685, 51.53377], [16.34684, 51.53374], [16.3468, 51.53368], [16.34675, 51.53361]]]]}, "properties": {"nadlesnictwo": "Lubin", "oddzial": "71", "pododdzial": "g", "gatunek": "BK", "wiek": 19, "powierzchnia_ha": 1.97, "ochronnosc": null, "siedlisko": "LMŚW", "powod": "drzewostan ≥100 lat", "wiek_z_planu": 125}}, {"type": "Feature", "geometry": {"type": "MultiPolygon", "coordinates": [[[[16.34517, 51.53742], [16.34519, 51.53743], [16.34537, 51.5374], [16.34556, 51.53738], [16.34598, 51.53744], [16.34654, 51.53744], [16.34677, 51.53733], [16.3468, 51.53716], [16.34665, 51.53646], [16.3474, 51.53618], [16.34721, 51.53534], [16.34707, 51.53498], [16.34703, 51.53486], [16.34701, 51.53475], [16.34703, 51.53455], [16.34694, 51.53417], [16.34691, 51.53409], [16.34691, 51.53408], [16.34684, 51.53395], [16.34684, 51.53393], [16.34684, 51.53393], [16.34683, 51.53394], [16.34611, 51.53406], [16.34588, 51.53408], [16.34549, 51.53415], [16.34533, 51.53418], [16.3451, 51.53422], [16.34492, 51.53426], [16.34499, 51.53506], [16.34501, 51.53659], [16.34522, 51.53713], [16.34517, 51.53741], [16.34517, 51.53742]]]]}, "properties": {"nadlesnictwo": "Lubin", "oddzial": "71", "pododdzial": "c", "gatunek": "SO", "wiek": 9, "powierzchnia_ha": 5.14, "ochronnosc": null, "siedlisko": "LMŚW", "powod": "drzewostan ≥100 lat", "wiek_z_planu": 117}}, {"type": "Feature", "geometry": {"type": "MultiPolygon", "coordinates": [[[[16.11714, 51.53228], [16.11666, 51.53261], [16.11637, 51.53249], [16.11464, 51.53176], [16.11441, 51.53158], [16.1144, 51.53139], [16.11334, 51.53129], [16.11333, 51.53129], [16.11311, 51.53161], [16.11292, 51.53199], [16.11307, 51.53269], [16.11343, 51.53332], [16.11426, 51.53361], [16.1157, 51.53295], [16.11622, 51.53283], [16.11623, 51.53323], [16.11708, 51.53301], [16.1179, 51.53278], [16.11804, 51.53271], [16.118, 51.53265], [16.1177, 51.53221], [16.11757, 51.53201], [16.11747, 51.53206], [16.11714, 51.53228]]]]}, "properties": {"nadlesnictwo": "Lubin", "oddzial": "16", "pododdzial": "d", "gatunek": "SO", "wiek": 46, "powierzchnia_ha": 4.55, "ochronnosc": "OCH USZK", "siedlisko": "LMŚW", "powod": "drzewostan ≥100 lat", "wiek_z_planu": 120}}, {"type": "Feature", "geometry": {"type": "MultiPolygon", "coordinates": [[[[16.37236, 51.57577], [16.37315, 51.57565], [16.37375, 51.57565], [16.37444, 51.57572], [16.37594, 51.57641], [16.3759, 51.57631], [16.37572, 51.57546], [16.37527, 51.57546], [16.37522, 51.57542], [16.37523, 51.57518], [16.37522, 51.57471], [16.37523, 51.57411], [16.37523, 51.5736], [16.37482, 51.57389], [16.37377, 51.57452], [16.37375, 51.57454], [16.37374, 51.57454], [16.37268, 51.57518], [16.37265, 51.57519], [16.37166, 51.57578], [16.37091, 51.57624], [16.37085, 51.57627], [16.37097, 51.57637], [16.37112, 51.57631], [16.372, 51.57593], [16.37236, 51.57577]]]]}, "properties": {"nadlesnictwo": "Lubin", "oddzial": "16", "pododdzial": "h", "gatunek": "SO", "wiek": 4, "powierzchnia_ha": 3.36, "ochronnosc": "OCH USZK", "siedlisko": "BMŚW", "powod": "drzewostan ≥100 lat", "wiek_z_planu": 100}}, {"type": "Feature", "geometry": {"type": "MultiPolygon", "coordinates": [[[[16.10955, 51.53695], [16.10965, 51.53701], [16.1097, 51.53697], [16.10965, 51.53694], [16.10961, 51.53658], [16.10887, 51.53573], [16.10844, 51.53554], [16.10742, 51.53484], [16.1073, 51.53494], [16.10736, 51.53506], [16.10779, 51.53543], [16.10851, 51.53596], [16.10849, 51.53618], [16.10856, 51.53631], [16.10874, 51.53634], [16.10908, 51.53671], [16.10935, 51.53683], [16.10955, 51.53695]]]]}, "properties": {"nadlesnictwo": "Lubin", "oddzial": "16", "pododdzial": "i", "gatunek": "OL", "wiek": 80, "powierzchnia_ha": 0.83, "ochronnosc": "OCH CENNE", "siedlisko": "OLJ", "powod": "drzewostan ≥100 lat", "wiek_z_planu": 105}}, {"type": "Feature", "geometry": {"type": "MultiPolygon", "coordinates": [[[[16.32349, 51.58401], [16.32393, 51.58389], [16.32406, 51.58385], [16.32506, 51.58354], [16.32577, 51.58333], [16.32647, 51.58313], [16.32759, 51.58278], [16.3279, 51.58265], [16.32816, 51.58257], [16.32826, 51.58255], [16.3285, 51.58255], [16.32868, 51.58255], [16.32877, 51.58256], [16.3288, 51.58256], [16.32879, 51.58251], [16.32879, 51.58249], [16.32862, 51.58185], [16.32744, 51.5823], [16.32668, 51.58245], [16.32605, 51.58264], [16.32472, 51.58305], [16.32353, 51.58342], [16.32325, 51.58348], [16.32232, 51.58368], [16.32095, 51.584], [16.32007, 51.58415], [16.31956, 51.58426], [16.31938, 51.58429], [16.31935, 51.5843], [16.31957, 51.5846], [16.31972, 51.58479], [16.32094, 51.58454], [16.32217, 51.58429], [16.32341, 51.58403], [16.32343, 51.58402], [16.32349, 51.58401]]]]}, "properties": {"nadlesnictwo": "Lubin", "oddzial": "35", "pododdzial": "g", "gatunek": "SO", "wiek": 15, "powierzchnia_ha": 3.87, "ochronnosc": "OCH USZK", "siedlisko": "BMŚW", "powod": "drzewostan ≥100 lat", "wiek_z_planu": 120}}, {"type": "Feature", "geometry": {"type": "MultiPolygon", "coordinates": [[[[16.32836, 51.58143], [16.32771, 51.58157], [16.32732, 51.5817], [16.32692, 51.58183], [16.32671, 51.5819], [16.32631, 51.58203], [16.32584, 51.58215], [16.3249, 51.58235], [16.32319, 51.58291], [16.32219, 51.58322], [16.32152, 51.5834], [16.32126, 51.58343], [16.32098, 51.58347], [16.32059, 51.58359], [16.32044, 51.58376], [16.31992, 51.58392], [16.31921, 51.58413], [16.31935, 51.5843], [16.31938, 51.58429], [16.31956, 51.58426], [16.32007, 51.58415], [16.32095, 51.584], [16.32232, 51.58368], [16.32325, 51.58348], [16.32353, 51.58342], [16.32472, 51.58305], [16.32605, 51.58264], [16.32668, 51.58245], [16.32744, 51.5823], [16.32862, 51.58185], [16.32861, 51.58181], [16.32864, 51.58156], [16.32866, 51.58143], [16.32836, 51.58143]]]]}, "properties": {"nadlesnictwo": "Lubin", "oddzial": "35", "pododdzial": "h", "gatunek": "SO", "wiek": 3, "powierzchnia_ha": 3.74, "ochronnosc": "OCH USZK", "siedlisko": "BMŚW", "powod": "drzewostan ≥100 lat", "wiek_z_planu": 110}}, {"type": "Feature", "geometry": {"type": "MultiPolygon", "coordinates": [[[[16.31493, 51.54348], [16.31505, 51.54378], [16.3152, 51.54412], [16.3152, 51.54412], [16.31523, 51.5442], [16.31743, 51.54384], [16.31745, 51.54381], [16.31746, 51.54378], [16.31754, 51.54362], [16.3175, 51.54356], [16.3175, 51.54356], [16.31749, 51.54355], [16.31747, 51.54352], [16.31735, 51.54334], [16.31721, 51.54315], [16.31721, 51.54315], [16.31715, 51.54305], [16.3186, 51.54186], [16.31938, 51.54121], [16.31976, 51.5409], [16.32033, 51.54056], [16.32059, 51.54041], [16.32068, 51.54027], [16.32065, 51.54027], [16.32062, 51.54027], [16.31918, 51.54052], [16.31824, 51.54068], [16.31726, 51.54081], [16.3161, 51.54149], [16.31449, 51.54244], [16.31461, 51.54272], [16.3147, 51.54294], [16.31472, 51.54298], [16.31481, 51.5432], [16.31488, 51.54336], [16.31493, 51.54348]]]]}, "properties": {"nadlesnictwo": "Lubin", "oddzial": "55", "pododdzial": "c", "gatunek": "SO", "wiek": 4, "powierzchnia_ha": 7.39, "ochronnosc": null, "siedlisko": "LMŚW", "powod": "drzewostan ≥100 lat", "wiek_z_planu": 110}}, {"type": "Feature", "geometry": {"type": "MultiPolygon", "coordinates": [[[[16.31739, 51.53952], [16.31707, 51.53884], [16.31672, 51.53905], [16.31672, 51.53905], [16.31643, 51.53923], [16.31606, 51.53944], [16.31514, 51.54], [16.31512, 51.54002], [16.3151, 51.54003], [16.31511, 51.54005], [16.31512, 51.54012], [16.31513, 51.54016], [16.31506, 51.54021], [16.31515, 51.54039], [16.31526, 51.5405], [16.31538, 51.5406], [16.31563, 51.54094], [16.31572, 51.54103], [16.31579, 51.54102], [16.31582, 51.54102], [16.3162, 51.54096], [16.31638, 51.54094], [16.31652, 51.54019], [16.31782, 51.54012], [16.31739, 51.53952]]]]}, "properties": {"nadlesnictwo": "Lubin", "oddzial": "55", "pododdzial": "l", "gatunek": "SO", "wiek": 21, "powierzchnia_ha": 2.19, "ochronnosc": null, "siedlisko": "LMŚW", "powod": "drzewostan ≥100 lat", "wiek_z_planu": 120}}, {"type": "Feature", "geometry": {"type": "MultiPolygon", "coordinates": [[[[16.15242, 51.50211], [16.1519, 51.50228], [16.15128, 51.50237], [16.15139, 51.50246], [16.15204, 51.50297], [16.15201, 51.50306], [16.15257, 51.50334], [16.15303, 51.50314], [16.15322, 51.50287], [16.15315, 51.50281], [16.15243, 51.50213], [16.15242, 51.50211]]]]}, "properties": {"nadlesnictwo": "Lubin", "oddzial": "56", "pododdzial": "f", "gatunek": "OL", "wiek": 31, "powierzchnia_ha": 0.93, "ochronnosc": "OCH WOD", "siedlisko": "OLJ", "powod": "drzewostan ≥100 lat", "wiek_z_planu": 120}}, {"type": "Feature", "geometry": {"type": "MultiPolygon", "coordinates": [[[[16.3745, 51.5433], [16.37476, 51.54336], [16.37593, 51.54363], [16.37716, 51.54391], [16.3791, 51.54436], [16.3794, 51.54443], [16.3799, 51.54357], [16.3802, 51.54307], [16.38033, 51.54284], [16.38071, 51.5422], [16.37996, 51.54236], [16.3769, 51.54301], [16.37643, 51.54306], [16.37639, 51.54306], [16.37584, 51.54312], [16.37478, 51.54326], [16.3745, 51.5433]]]]}, "properties": {"nadlesnictwo": "Lubin", "oddzial": "65", "pododdzial": "a", "gatunek": "SO", "wiek": 70, "powierzchnia_ha": 4.24, "ochronnosc": "OCH USZK", "siedlisko": "LMŚW", "powod": "drzewostan ≥100 lat", "wiek_z_planu": 120}}, {"type": "Feature", "geometry": {"type": "MultiPolygon", "coordinates": [[[[16.2024, 51.48707], [16.2024, 51.48707], [16.2024, 51.48706], [16.20242, 51.48705], [16.20261, 51.48687], [16.20275, 51.48674], [16.20201, 51.48627], [16.20168, 51.48607], [16.20168, 51.48606], [16.20164, 51.48597], [16.20169, 51.48585], [16.20187, 51.48573], [16.202, 51.48543], [16.20186, 51.48532], [16.20119, 51.48533], [16.20135, 51.48562], [16.201, 51.48568], [16.20002, 51.48608], [16.19975, 51.48608], [16.19889, 51.48608], [16.19761, 51.486], [16.19806, 51.48694], [16.19831, 51.48703], [16.19871, 51.48718], [16.19874, 51.48719], [16.19886, 51.48716], [16.19926, 51.48706], [16.19971, 51.48693], [16.19997, 51.48686], [16.20029, 51.48682], [16.20073, 51.48674], [16.20105, 51.4867], [16.20131, 51.48671], [16.20162, 51.48675], [16.20167, 51.48676], [16.20184, 51.48678], [16.20193, 51.48681], [16.20201, 51.48685], [16.20218, 51.48692], [16.20227, 51.48699], [16.20233, 51.48703], [16.20238, 51.48705], [16.2024, 51.48707]]]]}, "properties": {"nadlesnictwo": "Lubin", "oddzial": "67", "pododdzial": "c", "gatunek": "SO", "wiek": 61, "powierzchnia_ha": 3.47, "ochronnosc": "OCH MIAST", "siedlisko": "LMŚW", "powod": "drzewostan ≥100 lat", "wiek_z_planu": 118}}, {"type": "Feature", "geometry": {"type": "MultiPolygon", "coordinates": [[[[16.16755, 51.48748], [16.16728, 51.48747], [16.16673, 51.48775], [16.16642, 51.48795], [16.16507, 51.48875], [16.16338, 51.48959], [16.16356, 51.48983], [16.16387, 51.48974], [16.1641, 51.48996], [16.16513, 51.48963], [16.16531, 51.48974], [16.1668, 51.48951], [16.16705, 51.48944], [16.16723, 51.48925], [16.16781, 51.48867], [16.1682, 51.48823], [16.1682, 51.48823], [16.16822, 51.48822], [16.16875, 51.48763], [16.16863, 51.4876], [16.16793, 51.48789], [16.16755, 51.48748]]]]}, "properties": {"nadlesnictwo": "Lubin", "oddzial": "73", "pododdzial": "b", "gatunek": "SO", "wiek": 45, "powierzchnia_ha": 4.24, "ochronnosc": "OCH MIAST", "siedlisko": "BMŚW", "powod": "drzewostan ≥100 lat", "wiek_z_planu": 115}}, {"type": "Feature", "geometry": {"type": "MultiPolygon", "coordinates": [[[[16.1641, 51.48996], [16.16387, 51.48974], [16.16356, 51.48983], [16.16395, 51.49031], [16.165, 51.49154], [16.16553, 51.491], [16.16705, 51.48944], [16.1668, 51.48951], [16.16531, 51.48974], [16.16513, 51.48963], [16.1641, 51.48996]]]]}, "properties": {"nadlesnictwo": "Lubin", "oddzial": "73", "pododdzial": "a", "gatunek": "DB", "wiek": 75, "powierzchnia_ha": 2.31, "ochronnosc": "OCH CENNE", "siedlisko": "BMŚW", "powod": "drzewostan ≥100 lat", "wiek_z_planu": 115}}, {"type": "Feature", "geometry": {"type": "MultiPolygon", "coordinates": [[[[16.22999, 51.48802], [16.22901, 51.48833], [16.22919, 51.48848], [16.22929, 51.48857], [16.22953, 51.48879], [16.22978, 51.48908], [16.23014, 51.48945], [16.2303, 51.4896], [16.23073, 51.48953], [16.23117, 51.48953], [16.23127, 51.48985], [16.23306, 51.48965], [16.23356, 51.48954], [16.23382, 51.48956], [16.23403, 51.48946], [16.23489, 51.48896], [16.23491, 51.48894], [16.23489, 51.48893], [16.23416, 51.48864], [16.23135, 51.48761], [16.23033, 51.48752], [16.22937, 51.48744], [16.22927, 51.48745], [16.22999, 51.48802]]]]}, "properties": {"nadlesnictwo": "Lubin", "oddzial": "40", "pododdzial": "a", "gatunek": "BRZ", "wiek": 20, "powierzchnia_ha": 6.24, "ochronnosc": "OCH MIAST", "siedlisko": "LŚW", "powod": "drzewostan ≥100 lat", "wiek_z_planu": 110}}, {"type": "Feature", "geometry": {"type": "MultiPolygon", "coordinates": [[[[16.29164, 51.54646], [16.29199, 51.54709], [16.29336, 51.54681], [16.29457, 51.54658], [16.29469, 51.54655], [16.29443, 51.54619], [16.29435, 51.54617], [16.29434, 51.54617], [16.29404, 51.54621], [16.29318, 51.5463], [16.29212, 51.54626], [16.29182, 51.54638], [16.2917, 51.54642], [16.29163, 51.54645], [16.29164, 51.54646]]]]}, "properties": {"nadlesnictwo": "Lubin", "oddzial": "47", "pododdzial": "b", "gatunek": "DB", "wiek": 8, "powierzchnia_ha": 1.26, "ochronnosc": null, "siedlisko": "LMŚW", "powod": "drzewostan ≥100 lat", "wiek_z_planu": 110}}, {"type": "Feature", "geometry": {"type": "MultiPolygon", "coordinates": [[[[16.29615, 51.54234], [16.29619, 51.54171], [16.29622, 51.54123], [16.29627, 51.54079], [16.29585, 51.54101], [16.29584, 51.54102], [16.29563, 51.54115], [16.29425, 51.54203], [16.2942, 51.54206], [16.29509, 51.54256], [16.29558, 51.54283], [16.2958, 51.54295], [16.29586, 51.54289], [16.29614, 51.54254], [16.29615, 51.54234]]]]}, "properties": {"nadlesnictwo": "Lubin", "oddzial": "50", "pododdzial": "f", "gatunek": "SO", "wiek": 4, "powierzchnia_ha": 1.76, "ochronnosc": "OCH WOD", "siedlisko": "LMW", "powod": "drzewostan ≥100 lat", "wiek_z_planu": 110}}, {"type": "Feature", "geometry": {"type": "MultiPolygon", "coordinates": [[[[16.17914, 51.4864], [16.17908, 51.48644], [16.17897, 51.48651], [16.17866, 51.4868], [16.17862, 51.48685], [16.17861, 51.48686], [16.1786, 51.48687], [16.17855, 51.48693], [16.17849, 51.48703], [16.1785, 51.48703], [16.1785, 51.48703], [16.17852, 51.48702], [16.17856, 51.48702], [16.17857, 51.48701], [16.17887, 51.48696], [16.17918, 51.48685], [16.17932, 51.4868], [16.17939, 51.48678], [16.17966, 51.48673], [16.17969, 51.48673], [16.17981, 51.48671], [16.18039, 51.48651], [16.18072, 51.4864], [16.18075, 51.48639], [16.18081, 51.48637], [16.18145, 51.4862], [16.18155, 51.48617], [16.18181, 51.4861], [16.18188, 51.48608], [16.18193, 51.48606], [16.18195, 51.48605], [16.18224, 51.48594], [16.18225, 51.48593], [16.18239, 51.48588], [16.18254, 51.48577], [16.18255, 51.48577], [16.18265, 51.4857], [16.18269, 51.48567], [16.1827, 51.48567], [16.18273, 51.48564], [16.18281, 51.4856], [16.18296, 51.48552], [16.18297, 51.48552], [16.18304, 51.4855], [16.18306, 51.4855], [16.18311, 51.48549], [16.18328, 51.48546], [16.18339, 51.48544], [16.18341, 51.48543], [16.18351, 51.48542], [16.1836, 51.48539], [16.18361, 51.48539], [16.1837, 51.48536], [16.18371, 51.48536], [16.1837, 51.48536], [16.1836, 51.48534], [16.18331, 51.48529], [16.18292, 51.48522], [16.18168, 51.485], [16.18142, 51.48496], [16.18127, 51.48493], [16.18112, 51.48491], [16.18111, 51.48492], [16.1811, 51.48493], [16.18107, 51.48495], [16.181, 51.485], [16.18098, 51.48501], [16.18075, 51.48517], [16.18072, 51.48519], [16.18054, 51.48532], [16.1805, 51.48535], [16.18041, 51.48541], [16.18035, 51.48545], [16.18014, 51.48561], [16.18013, 51.48562], [16.18007, 51.48567], [16.17992, 51.48579], [16.17985, 51.48584], [16.17964, 51.48601], [16.17959, 51.48605], [16.17957, 51.48607], [16.17931, 51.48628], [16.17914, 51.4864]]]]}, "properties": {"nadlesnictwo": "Lubin", "oddzial": "70", "pododdzial": "b", "gatunek": null, "wiek": 0, "powierzchnia_ha": 2.98, "ochronnosc": null, "siedlisko": null, "powod": "drzewostan ≥100 lat", "wiek_z_planu": 108}}, {"type": "Feature", "geometry": {"type": "MultiPolygon", "coordinates": [[[[16.38901, 51.55015], [16.38919, 51.54935], [16.38964, 51.54957], [16.38998, 51.54954], [16.39015, 51.54942], [16.39, 51.54907], [16.3904, 51.54894], [16.39081, 51.54914], [16.39103, 51.54915], [16.39111, 51.54898], [16.39108, 51.5487], [16.39225, 51.549], [16.39247, 51.54869], [16.39311, 51.54874], [16.39482, 51.54889], [16.39617, 51.54903], [16.39623, 51.54903], [16.39615, 51.54895], [16.3955, 51.54838], [16.3954, 51.54829], [16.39515, 51.54807], [16.39507, 51.54809], [16.395, 51.54808], [16.3949, 51.54799], [16.39484, 51.548], [16.39469, 51.54796], [16.3943, 51.54786], [16.39391, 51.54777], [16.39368, 51.54771], [16.39339, 51.54765], [16.39308, 51.54757], [16.39294, 51.54755], [16.39285, 51.54753], [16.39262, 51.5475], [16.3924, 51.54749], [16.39228, 51.54749], [16.39225, 51.54749], [16.39224, 51.54749], [16.39201, 51.54752], [16.3918, 51.54753], [16.3916, 51.54757], [16.39144, 51.54756], [16.39129, 51.54756], [16.39092, 51.54757], [16.39067, 51.54759], [16.39047, 51.54758], [16.39033, 51.54756], [16.39018, 51.54802], [16.39013, 51.54829], [16.38989, 51.54834], [16.38978, 51.54836], [16.38928, 51.54844], [16.38883, 51.54849], [16.3886, 51.54852], [16.38856, 51.5486], [16.38841, 51.54881], [16.38823, 51.5491], [16.38805, 51.54943], [16.38792, 51.54964], [16.38777, 51.54992], [16.38777, 51.54992], [16.389, 51.55019], [16.38901, 51.55015]]]]}, "properties": {"nadlesnictwo": "Lubin", "oddzial": "59", "pododdzial": "a", "gatunek": "SO", "wiek": 8, "powierzchnia_ha": 6.82, "ochronnosc": "OCH USZK", "siedlisko": "BMŚW", "powod": "drzewostan ≥100 lat", "wiek_z_planu": 106}}, {"type": "Feature", "geometry": {"type": "MultiPolygon", "coordinates": [[[[16.14178, 51.53464], [16.14124, 51.53483], [16.14106, 51.53459], [16.14094, 51.53443], [16.14145, 51.53423], [16.14084, 51.53388], [16.14067, 51.53434], [16.14051, 51.53479], [16.14042, 51.53508], [16.14099, 51.53489], [16.14131, 51.53493], [16.14193, 51.53469], [16.14187, 51.5346], [16.14178, 51.53464]]]]}, "properties": {"nadlesnictwo": "Lubin", "oddzial": "12", "pododdzial": "d", "gatunek": "DB", "wiek": 110, "powierzchnia_ha": 0.5, "ochronnosc": "OCH CENNE", "siedlisko": "LMŚW", "powod": "drzewostan ≥100 lat", "wiek_z_planu": 100}}, {"type": "Feature", "geometry": {"type": "MultiPolygon", "coordinates": [[[[16.41303, 51.56482], [16.4132, 51.56473], [16.41238, 51.56404], [16.41106, 51.56371], [16.41038, 51.56355], [16.41034, 51.56377], [16.41034, 51.56378], [16.41027, 51.56419], [16.41007, 51.56532], [16.41007, 51.56533], [16.40999, 51.56578], [16.40993, 51.56609], [16.40989, 51.56636], [16.4099, 51.56648], [16.40991, 51.56654], [16.40997, 51.56687], [16.40999, 51.56701], [16.40999, 51.56701], [16.41003, 51.56698], [16.41005, 51.56695], [16.4101, 51.56691], [16.41079, 51.56629], [16.41097, 51.56614], [16.41131, 51.5659], [16.4117, 51.56565], [16.41196, 51.56549], [16.41198, 51.56548], [16.41198, 51.56548], [16.41218, 51.56536], [16.41234, 51.56526], [16.41308, 51.56487], [16.41307, 51.56486], [16.41307, 51.56486], [16.41303, 51.56482]]]]}, "properties": {"nadlesnictwo": "Lubin", "oddzial": "12", "pododdzial": "k", "gatunek": "SO", "wiek": 8, "powierzchnia_ha": 4.2, "ochronnosc": null, "siedlisko": "LMŚW", "powod": "drzewostan ≥100 lat", "wiek_z_planu": 105}}, {"type": "Feature", "geometry": {"type": "MultiPolygon", "coordinates": [[[[16.41027, 51.56419], [16.41034, 51.56378], [16.41021, 51.56375], [16.40989, 51.56534], [16.40987, 51.56547], [16.40982, 51.56572], [16.40975, 51.56608], [16.40975, 51.56609], [16.4097, 51.56634], [16.40966, 51.5665], [16.40965, 51.56654], [16.40965, 51.56654], [16.40965, 51.56655], [16.40831, 51.56664], [16.40781, 51.56667], [16.40684, 51.56679], [16.40667, 51.5668], [16.40682, 51.56741], [16.40694, 51.56801], [16.40697, 51.56821], [16.40715, 51.56886], [16.40717, 51.56893], [16.40723, 51.56933], [16.40725, 51.56934], [16.40746, 51.56927], [16.40761, 51.5692], [16.4078, 51.56909], [16.40821, 51.56883], [16.40878, 51.56837], [16.409, 51.56814], [16.40938, 51.56774], [16.40994, 51.56706], [16.40999, 51.56701], [16.40999, 51.56701], [16.40997, 51.56687], [16.40991, 51.56654], [16.4099, 51.56648], [16.40989, 51.56636], [16.40993, 51.56609], [16.40999, 51.56578], [16.41007, 51.56533], [16.41007, 51.56532], [16.41027, 51.56419]]]]}, "properties": {"nadlesnictwo": "Lubin", "oddzial": "13", "pododdzial": "h", "gatunek": "SO", "wiek": 8, "powierzchnia_ha": 4.39, "ochronnosc": null, "siedlisko": "LMŚW", "powod": "drzewostan ≥100 lat", "wiek_z_planu": 105}}, {"type": "Feature", "geometry": {"type": "MultiPolygon", "coordinates": [[[[16.39709, 51.54661], [16.39724, 51.54638], [16.39734, 51.54621], [16.3975, 51.54592], [16.39547, 51.5453], [16.39459, 51.54515], [16.39389, 51.54518], [16.39326, 51.54521], [16.39309, 51.54529], [16.39308, 51.54531], [16.39277, 51.54585], [16.39409, 51.54621], [16.39519, 51.54648], [16.39709, 51.54661]]]]}, "properties": {"nadlesnictwo": "Lubin", "oddzial": "63", "pododdzial": "r", "gatunek": "SO", "wiek": 6, "powierzchnia_ha": 3.39, "ochronnosc": "OCH USZK", "siedlisko": "BMŚW", "powod": "drzewostan ≥100 lat", "wiek_z_planu": 105}}, {"type": "Feature", "geometry": {"type": "MultiPolygon", "coordinates": [[[[16.33065, 51.58642], [16.33071, 51.5863], [16.33061, 51.58608], [16.33052, 51.58582], [16.33051, 51.58577], [16.33033, 51.58583], [16.32976, 51.58593], [16.3297, 51.58593], [16.32967, 51.58593], [16.32991, 51.58693], [16.32994, 51.58706], [16.33013, 51.58786], [16.33014, 51.58788], [16.33101, 51.58774], [16.33087, 51.58713], [16.3308, 51.58703], [16.33055, 51.58675], [16.33065, 51.58642]]]]}, "properties": {"nadlesnictwo": "Lubin", "oddzial": "29", "pododdzial": "f", "gatunek": "AK", "wiek": 8, "powierzchnia_ha": 1.19, "ochronnosc": "OCH USZK", "siedlisko": "BMŚW", "powod": "drzewostan ≥100 lat", "wiek_z_planu": 103}}, {"type": "Feature", "geometry": {"type": "MultiPolygon", "coordinates": [[[[16.36787, 51.57858], [16.36822, 51.57853], [16.36872, 51.57869], [16.36908, 51.57867], [16.36934, 51.57866], [16.36935, 51.57844], [16.36936, 51.57832], [16.36937, 51.57816], [16.36958, 51.5777], [16.36991, 51.57717], [16.36949, 51.57727], [16.36936, 51.5773], [16.36816, 51.57759], [16.36812, 51.57761], [16.36768, 51.57779], [16.36734, 51.57797], [16.36734, 51.57799], [16.36741, 51.57833], [16.3675, 51.57872], [16.36787, 51.57858]]]]}, "properties": {"nadlesnictwo": "Lubin", "oddzial": "18", "pododdzial": "g", "gatunek": "SO", "wiek": 7, "powierzchnia_ha": 1.82, "ochronnosc": "OCH USZK", "siedlisko": "BMŚW", "powod": "drzewostan ≥100 lat", "wiek_z_planu": 100}}, {"type": "Feature", "geometry": {"type": "MultiPolygon", "coordinates": [[[[16.34772, 51.58006], [16.3479, 51.58002], [16.34834, 51.57971], [16.34869, 51.57953], [16.34772, 51.57903], [16.34753, 51.57892], [16.34711, 51.57873], [16.3463, 51.57822], [16.34601, 51.57833], [16.34636, 51.5786], [16.34646, 51.57876], [16.3466, 51.57891], [16.34685, 51.57916], [16.34686, 51.57937], [16.34704, 51.57967], [16.34772, 51.58006]]]]}, "properties": {"nadlesnictwo": "Lubin", "oddzial": "24", "pododdzial": "d", "gatunek": "SO", "wiek": 7, "powierzchnia_ha": 1.3, "ochronnosc": "OCH USZK", "siedlisko": "BŚW", "powod": "drzewostan ≥100 lat", "wiek_z_planu": 100}}, {"type": "Feature", "geometry": {"type": "MultiPolygon", "coordinates": [[[[16.24293, 51.45853], [16.24293, 51.45853], [16.24301, 51.45867], [16.24305, 51.45876], [16.24301, 51.4589], [16.24312, 51.45889], [16.24337, 51.45888], [16.24369, 51.4589], [16.24389, 51.45887], [16.24407, 51.45879], [16.24423, 51.45893], [16.2439, 51.45907], [16.24366, 51.4591], [16.24322, 51.45923], [16.24334, 51.45951], [16.24417, 51.45942], [16.24517, 51.45938], [16.24593, 51.45923], [16.24614, 51.45912], [16.24628, 51.45904], [16.24671, 51.4588], [16.24672, 51.4588], [16.24672, 51.4588], [16.24667, 51.45878], [16.24653, 51.45873], [16.24612, 51.4586], [16.24549, 51.45838], [16.2452, 51.45825], [16.24503, 51.45815], [16.2449, 51.45807], [16.24407, 51.45813], [16.24293, 51.45853]]]]}, "properties": {"nadlesnictwo": "Lubin", "oddzial": "149", "pododdzial": "b", "gatunek": "SO", "wiek": 94, "powierzchnia_ha": 2.52, "ochronnosc": "OCH MIAST", "siedlisko": "LMŚW", "powod": "drzewostan ≥100 lat", "wiek_z_planu": 154}}, {"type": "Feature", "geometry": {"type": "MultiPolygon", "coordinates": [[[[16.26928, 51.48742], [16.26946, 51.48744], [16.26986, 51.48749], [16.27056, 51.48758], [16.27058, 51.48757], [16.27061, 51.48757], [16.27058, 51.48755], [16.27058, 51.48755], [16.27058, 51.48755], [16.27024, 51.48698], [16.2699, 51.48586], [16.26991, 51.48563], [16.2699, 51.4852], [16.26978, 51.48471], [16.26906, 51.48479], [16.2682, 51.48482], [16.26817, 51.48578], [16.26815, 51.48732], [16.26928, 51.48742]]]]}, "properties": {"nadlesnictwo": "Lubin", "oddzial": "182", "pododdzial": "d", "gatunek": "OL", "wiek": 40, "powierzchnia_ha": 3.92, "ochronnosc": "OCH WOD", "siedlisko": "LW", "powod": "drzewostan ≥100 lat", "wiek_z_planu": 140}}, {"type": "Feature", "geometry": {"type": "MultiPolygon", "coordinates": [[[[16.30403, 51.46189], [16.30385, 51.46195], [16.30376, 51.46219], [16.30382, 51.46239], [16.30483, 51.46214], [16.30485, 51.46213], [16.30516, 51.46205], [16.30523, 51.46204], [16.30522, 51.462], [16.3051, 51.46154], [16.30511, 51.46142], [16.30503, 51.46042], [16.30504, 51.46035], [16.30464, 51.46022], [16.30438, 51.46023], [16.30352, 51.46027], [16.30348, 51.46027], [16.3031, 51.46023], [16.30258, 51.46003], [16.30226, 51.45985], [16.30202, 51.45977], [16.30201, 51.45977], [16.30201, 51.45978], [16.30212, 51.46003], [16.30235, 51.46045], [16.3033, 51.46103], [16.30329, 51.46122], [16.3034, 51.4612], [16.3038, 51.4612], [16.30403, 51.46119], [16.30416, 51.46118], [16.30424, 51.46132], [16.30422, 51.46143], [16.30428, 51.46163], [16.30424, 51.46176], [16.30403, 51.46189]]]]}, "properties": {"nadlesnictwo": "Lubin", "oddzial": "195", "pododdzial": "l", "gatunek": "SO", "wiek": 54, "powierzchnia_ha": 2.6, "ochronnosc": "OCH MIAST", "siedlisko": "LMŚW", "powod": "drzewostan ≥100 lat", "wiek_z_planu": 110}}, {"type": "Feature", "geometry": {"type": "MultiPolygon", "coordinates": [[[[16.27708, 51.43038], [16.27677, 51.43039], [16.27626, 51.43044], [16.27606, 51.43045], [16.27575, 51.43048], [16.27539, 51.43054], [16.27508, 51.43059], [16.27463, 51.43067], [16.27453, 51.43069], [16.27421, 51.43076], [16.27389, 51.4308], [16.27323, 51.43092], [16.273, 51.43097], [16.27257, 51.43118], [16.2724, 51.43127], [16.27234, 51.4313], [16.2722, 51.43137], [16.27188, 51.43155], [16.27178, 51.43161], [16.27167, 51.43168], [16.27162, 51.4317], [16.27137, 51.43185], [16.27158, 51.43224], [16.27189, 51.43282], [16.2718, 51.43284], [16.27133, 51.43296], [16.27098, 51.43305], [16.27071, 51.43312], [16.27018, 51.43325], [16.26996, 51.4333], [16.26945, 51.43343], [16.26909, 51.43352], [16.26932, 51.43366], [16.26935, 51.43368], [16.26936, 51.43369], [16.26942, 51.43371], [16.27, 51.43377], [16.27008, 51.43378], [16.27038, 51.43381], [16.27046, 51.43381], [16.27071, 51.43382], [16.27104, 51.43382], [16.27131, 51.4338], [16.27152, 51.43378], [16.27175, 51.43372], [16.27202, 51.43361], [16.27216, 51.43353], [16.27239, 51.43324], [16.27249, 51.43307], [16.27267, 51.4327], [16.27275, 51.43257], [16.27285, 51.43247], [16.27294, 51.43234], [16.27298, 51.43222], [16.273, 51.43209], [16.27299, 51.43193], [16.27296, 51.4318], [16.27296, 51.43169], [16.27299, 51.43158], [16.27304, 51.43153], [16.2731, 51.43146], [16.27324, 51.43137], [16.27336, 51.43132], [16.27351, 51.43129], [16.2737, 51.4313], [16.27391, 51.43136], [16.27401, 51.43137], [16.27414, 51.43136], [16.27442, 51.43133], [16.27472, 51.43132], [16.27495, 51.43132], [16.27502, 51.43132], [16.27502, 51.43133], [16.27525, 51.43132], [16.27629, 51.43115], [16.27666, 51.4311], [16.27667, 51.43109], [16.27707, 51.43073], [16.27709, 51.43072], [16.2771, 51.43038], [16.27708, 51.43038]]]]}, "properties": {"nadlesnictwo": "Lubin", "oddzial": "195", "pododdzial": "f", "gatunek": "BK", "wiek": 22, "powierzchnia_ha": 5.07, "ochronnosc": "OCH WOD", "siedlisko": "LW", "powod": "drzewostan ≥100 lat", "wiek_z_planu": 130}}, {"type": "Feature", "geometry": {"type": "MultiPolygon", "coordinates": [[[[16.27986, 51.43173], [16.27993, 51.43156], [16.27996, 51.43147], [16.27993, 51.43146], [16.27887, 51.43124], [16.27759, 51.43096], [16.27789, 51.43048], [16.27783, 51.43045], [16.27767, 51.43039], [16.27737, 51.43038], [16.27735, 51.43037], [16.27727, 51.43262], [16.27721, 51.43474], [16.27721, 51.43474], [16.27721, 51.43474], [16.27722, 51.43474], [16.27726, 51.43474], [16.27935, 51.43476], [16.27927, 51.43436], [16.2794, 51.43435], [16.27943, 51.43434], [16.28028, 51.43414], [16.28035, 51.43413], [16.28029, 51.43403], [16.28028, 51.43401], [16.28033, 51.434], [16.2805, 51.43395], [16.2821, 51.43351], [16.28284, 51.43331], [16.28278, 51.43291], [16.28273, 51.43252], [16.28276, 51.43199], [16.28279, 51.43172], [16.28262, 51.4317], [16.28224, 51.43169], [16.28154, 51.43173], [16.28013, 51.43172], [16.27992, 51.43171], [16.27986, 51.43173]], [[16.2822, 51.43322], [16.28096, 51.43344], [16.28098, 51.43217], [16.28156, 51.43212], [16.28192, 51.43217], [16.2822, 51.43322]]]]}, "properties": {"nadlesnictwo": "Lubin", "oddzial": "195", "pododdzial": "g", "gatunek": "SO", "wiek": 55, "powierzchnia_ha": 10.63, "ochronnosc": "OCH MIAST", "siedlisko": "BMŚW", "powod": "drzewostan ≥100 lat", "wiek_z_planu": 140}}, {"type": "Feature", "geometry": {"type": "MultiPolygon", "coordinates": [[[[16.27573, 51.43329], [16.27558, 51.43346], [16.2755, 51.43355], [16.27531, 51.43371], [16.275, 51.43396], [16.2748, 51.43412], [16.27453, 51.43428], [16.27428, 51.43442], [16.27427, 51.43443], [16.27429, 51.43443], [16.27568, 51.43453], [16.27581, 51.43471], [16.27696, 51.43474], [16.27703, 51.43262], [16.27706, 51.43176], [16.27639, 51.43256], [16.27634, 51.43266], [16.27598, 51.43303], [16.27573, 51.43329]], [[16.27593, 51.43324], [16.27619, 51.43324], [16.27621, 51.43324], [16.27621, 51.43339], [16.27592, 51.43339], [16.27593, 51.43324]]]]}, "properties": {"nadlesnictwo": "Lubin", "oddzial": "195", "pododdzial": "i", "gatunek": "SO", "wiek": 55, "powierzchnia_ha": 2.71, "ochronnosc": "OCH MIAST", "siedlisko": "LMŚW", "powod": "drzewostan ≥100 lat", "wiek_z_planu": 127}}, {"type": "Feature", "geometry": {"type": "MultiPolygon", "coordinates": [[[[16.19984, 51.45134], [16.19909, 51.45012], [16.19822, 51.44875], [16.19706, 51.44904], [16.197, 51.44905], [16.19776, 51.45009], [16.19845, 51.45108], [16.19862, 51.45112], [16.19864, 51.45112], [16.19875, 51.45115], [16.19901, 51.45121], [16.19915, 51.45124], [16.19916, 51.45124], [16.19922, 51.45125], [16.19925, 51.45126], [16.19984, 51.45134]]]]}, "properties": {"nadlesnictwo": "Lubin", "oddzial": "154", "pododdzial": "b", "gatunek": "SO", "wiek": 51, "powierzchnia_ha": 2.23, "ochronnosc": "OCH MIAST", "siedlisko": "BMŚW", "powod": "drzewostan ≥100 lat", "wiek_z_planu": 133}}, {"type": "Feature", "geometry": {"type": "MultiPolygon", "coordinates": [[[[16.26109, 51.52848], [16.26103, 51.52849], [16.25872, 51.5288], [16.25842, 51.52884], [16.2585, 51.5292], [16.25888, 51.52925], [16.25893, 51.52975], [16.25983, 51.52976], [16.25983, 51.5297], [16.25961, 51.52956], [16.25955, 51.5295], [16.2595, 51.52942], [16.25955, 51.52922], [16.25979, 51.52919], [16.25983, 51.52937], [16.26002, 51.5295], [16.26051, 51.52946], [16.26064, 51.52921], [16.26108, 51.52921], [16.26113, 51.52886], [16.2611, 51.5287], [16.26109, 51.52848]]]]}, "properties": {"nadlesnictwo": "Lubin", "oddzial": "162", "pododdzial": "i", "gatunek": "SO", "wiek": 4, "powierzchnia_ha": 1.51, "ochronnosc": null, "siedlisko": "BMŚW", "powod": "drzewostan ≥100 lat", "wiek_z_planu": 102}}, {"type": "Feature", "geometry": {"type": "MultiPolygon", "coordinates": [[[[16.17543, 51.43696], [16.17595, 51.43673], [16.17643, 51.43634], [16.17522, 51.4359], [16.17503, 51.43583], [16.17474, 51.43572], [16.17361, 51.43531], [16.1736, 51.43531], [16.17338, 51.43551], [16.17331, 51.43564], [16.1733, 51.43585], [16.17469, 51.43665], [16.17543, 51.43696]]]]}, "properties": {"nadlesnictwo": "Lubin", "oddzial": "162", "pododdzial": "j", "gatunek": "SO", "wiek": 24, "powierzchnia_ha": 1.75, "ochronnosc": "OCH MIAST", "siedlisko": "BMŚW", "powod": "drzewostan ≥100 lat", "wiek_z_planu": 130}}, {"type": "Feature", "geometry": {"type": "MultiPolygon", "coordinates": [[[[16.34369, 51.50331], [16.34441, 51.50335], [16.34412, 51.50278], [16.34322, 51.50101], [16.3427, 51.50001], [16.3425, 51.49961], [16.34227, 51.49915], [16.34225, 51.49911], [16.34222, 51.49911], [16.34187, 51.49907], [16.34154, 51.49905], [16.34131, 51.49902], [16.34118, 51.49899], [16.34104, 51.4989], [16.34001, 51.49973], [16.33999, 51.49974], [16.33999, 51.49974], [16.33967, 51.5], [16.34033, 51.50114], [16.34034, 51.50116], [16.34057, 51.50156], [16.34058, 51.50158], [16.34063, 51.50164], [16.34065, 51.50167], [16.34075, 51.5018], [16.34088, 51.50202], [16.34094, 51.50212], [16.34161, 51.50323], [16.34213, 51.50323], [16.34232, 51.50323], [16.34366, 51.50331], [16.34369, 51.50331]]]]}, "properties": {"nadlesnictwo": "Lubin", "oddzial": "166", "pododdzial": "b", "gatunek": "DB", "wiek": 19, "powierzchnia_ha": 8.68, "ochronnosc": null, "siedlisko": "LMŚW", "powod": "drzewostan ≥100 lat", "wiek_z_planu": 125}}, {"type": "Feature", "geometry": {"type": "MultiPolygon", "coordinates": [[[[16.24777, 51.45198], [16.24776, 51.45197], [16.24777, 51.452], [16.24779, 51.45205], [16.24789, 51.45224], [16.24793, 51.45232], [16.24841, 51.45332], [16.24847, 51.45346], [16.24857, 51.45366], [16.24959, 51.45373], [16.2507, 51.4538], [16.25083, 51.45348], [16.25082, 51.453], [16.25037, 51.45303], [16.25013, 51.45229], [16.2487, 51.4523], [16.24777, 51.45198]]]]}, "properties": {"nadlesnictwo": "Lubin", "oddzial": "166", "pododdzial": "d", "gatunek": "SO", "wiek": 58, "powierzchnia_ha": 2.64, "ochronnosc": "OCH MIAST", "siedlisko": "BMŚW", "powod": "drzewostan ≥100 lat", "wiek_z_planu": 105}}, {"type": "Feature", "geometry": {"type": "MultiPolygon", "coordinates": [[[[16.20987, 51.44701], [16.20967, 51.44702], [16.2094, 51.44706], [16.20908, 51.44708], [16.20887, 51.44706], [16.20779, 51.44899], [16.20725, 51.44986], [16.20692, 51.45056], [16.20696, 51.45053], [16.20714, 51.45045], [16.20787, 51.45009], [16.20888, 51.44964], [16.20909, 51.44958], [16.21003, 51.44934], [16.21007, 51.44933], [16.21036, 51.44879], [16.21108, 51.4474], [16.21112, 51.44733], [16.21113, 51.4473], [16.21118, 51.4472], [16.21116, 51.44719], [16.21085, 51.44714], [16.21062, 51.44709], [16.21039, 51.44705], [16.21012, 51.44702], [16.20987, 51.44701]]]]}, "properties": {"nadlesnictwo": "Lubin", "oddzial": "153", "pododdzial": "f", "gatunek": "SO", "wiek": 48, "powierzchnia_ha": 4.93, "ochronnosc": "OCH MIAST", "siedlisko": "BŚW", "powod": "drzewostan ≥100 lat", "wiek_z_planu": 120}}, {"type": "Feature", "geometry": {"type": "MultiPolygon", "coordinates": [[[[16.38672, 51.60783], [16.38642, 51.6079], [16.3865, 51.60803], [16.38654, 51.60823], [16.38698, 51.60827], [16.38753, 51.60836], [16.38689, 51.60876], [16.38706, 51.60884], [16.38724, 51.60892], [16.38793, 51.6087], [16.38806, 51.60859], [16.38837, 51.60838], [16.38851, 51.60815], [16.38862, 51.60808], [16.38909, 51.60791], [16.38902, 51.6079], [16.38883, 51.60787], [16.3882, 51.60776], [16.38692, 51.60755], [16.38687, 51.60783], [16.38672, 51.60783]]]]}, "properties": {"nadlesnictwo": "Lubin", "oddzial": "1", "pododdzial": "d", "gatunek": "DB", "wiek": 100, "powierzchnia_ha": 1.33, "ochronnosc": "OCH CENNE", "siedlisko": "LŁ", "powod": "drzewostan ≥100 lat", "wiek_z_planu": 120}}, {"type": "Feature", "geometry": {"type": "MultiPolygon", "coordinates": [[[[16.22767, 51.43796], [16.22883, 51.43822], [16.22887, 51.43823], [16.22887, 51.43822], [16.22886, 51.43793], [16.2288, 51.43725], [16.22671, 51.43718], [16.22621, 51.43716], [16.22601, 51.43715], [16.22527, 51.43712], [16.22517, 51.43712], [16.22499, 51.43757], [16.22505, 51.43789], [16.2251, 51.43822], [16.22523, 51.43878], [16.22521, 51.43962], [16.22501, 51.43977], [16.22497, 51.43979], [16.22495, 51.43981], [16.22522, 51.43994], [16.22632, 51.4406], [16.22738, 51.44104], [16.22779, 51.44114], [16.22811, 51.44118], [16.22877, 51.44119], [16.2288, 51.44119], [16.22882, 51.4399], [16.22881, 51.43965], [16.22883, 51.43947], [16.22838, 51.43907], [16.22769, 51.43877], [16.2266, 51.43843], [16.22746, 51.43797], [16.22767, 51.43796]]]]}, "properties": {"nadlesnictwo": "Lubin", "oddzial": "186", "pododdzial": "c", "gatunek": "SO", "wiek": 47, "powierzchnia_ha": 8.75, "ochronnosc": "OCH MIAST", "siedlisko": "BMŚW", "powod": "drzewostan ≥100 lat", "wiek_z_planu": 120}}, {"type": "Feature", "geometry": {"type": "MultiPolygon", "coordinates": [[[[16.2251, 51.43822], [16.22505, 51.43789], [16.22499, 51.43757], [16.22517, 51.43712], [16.22492, 51.43711], [16.2232, 51.43705], [16.22301, 51.43704], [16.2232, 51.43844], [16.22382, 51.43899], [16.22401, 51.43909], [16.22465, 51.43943], [16.22521, 51.43962], [16.22523, 51.43878], [16.2251, 51.43822]]]]}, "properties": {"nadlesnictwo": "Lubin", "oddzial": "186", "pododdzial": "f", "gatunek": "SO", "wiek": 36, "powierzchnia_ha": 3.1, "ochronnosc": "OCH MIAST", "siedlisko": "LMŚW", "powod": "drzewostan ≥100 lat", "wiek_z_planu": 102}}, {"type": "Feature", "geometry": {"type": "MultiPolygon", "coordinates": [[[[16.19282, 51.44914], [16.1927, 51.44938], [16.1925, 51.44966], [16.19229, 51.44994], [16.19228, 51.44996], [16.19259, 51.45014], [16.19281, 51.45023], [16.19321, 51.45033], [16.1933, 51.45034], [16.19343, 51.4504], [16.19344, 51.45042], [16.19409, 51.45052], [16.19475, 51.45069], [16.19513, 51.45076], [16.19444, 51.44968], [16.19348, 51.4483], [16.19345, 51.44828], [16.1934, 51.44823], [16.19328, 51.4481], [16.19323, 51.448], [16.19322, 51.44802], [16.1932, 51.44814], [16.19318, 51.44834], [16.19312, 51.44857], [16.19303, 51.44879], [16.19282, 51.44914]]]]}, "properties": {"nadlesnictwo": "Lubin", "oddzial": "156", "pododdzial": "b", "gatunek": "SO", "wiek": 71, "powierzchnia_ha": 2.33, "ochronnosc": "OCH MIAST", "siedlisko": "BMŚW", "powod": "drzewostan ≥100 lat", "wiek_z_planu": 118}}, {"type": "Feature", "geometry": {"type": "MultiPolygon", "coordinates": [[[[16.2234, 51.43639], [16.22336, 51.43603], [16.22329, 51.43574], [16.22317, 51.43554], [16.22313, 51.43496], [16.22315, 51.43475], [16.22319, 51.43466], [16.22327, 51.43459], [16.22435, 51.43453], [16.22431, 51.43448], [16.2241, 51.43407], [16.22389, 51.43358], [16.2237, 51.43315], [16.22355, 51.43287], [16.22355, 51.43286], [16.22346, 51.43287], [16.22349, 51.43298], [16.22344, 51.43298], [16.22331, 51.433], [16.22327, 51.43289], [16.22319, 51.43289], [16.2228, 51.43297], [16.22151, 51.43321], [16.22162, 51.43449], [16.2217, 51.43529], [16.22178, 51.43615], [16.22182, 51.43664], [16.22183, 51.43676], [16.22184, 51.43683], [16.22239, 51.4368], [16.22294, 51.43672], [16.22281, 51.43646], [16.2234, 51.43639]]]]}, "properties": {"nadlesnictwo": "Lubin", "oddzial": "199", "pododdzial": "d", "gatunek": "SO", "wiek": 65, "powierzchnia_ha": 5.37, "ochronnosc": "OCH MIAST", "siedlisko": "LMŚW", "powod": "drzewostan ≥100 lat", "wiek_z_planu": 117}}, {"type": "Feature", "geometry": {"type": "MultiPolygon", "coordinates": [[[[16.18289, 51.44438], [16.18284, 51.44408], [16.18279, 51.44387], [16.18189, 51.44406], [16.18162, 51.44423], [16.18146, 51.44412], [16.18132, 51.44389], [16.18128, 51.44376], [16.18137, 51.44357], [16.18127, 51.44357], [16.181, 51.44351], [16.18004, 51.44519], [16.18036, 51.44526], [16.18191, 51.44561], [16.18192, 51.44561], [16.18222, 51.44568], [16.18303, 51.44586], [16.18303, 51.44584], [16.18306, 51.44553], [16.18305, 51.44515], [16.18296, 51.44461], [16.18289, 51.44438]]]]}, "properties": {"nadlesnictwo": "Lubin", "oddzial": "159", "pododdzial": "c", "gatunek": "SO", "wiek": 64, "powierzchnia_ha": 3.17, "ochronnosc": "OCH MIAST", "siedlisko": "LMŚW", "powod": "drzewostan ≥100 lat", "wiek_z_planu": 113}}, {"type": "Feature", "geometry": {"type": "MultiPolygon", "coordinates": [[[[16.2605, 51.44861], [16.26054, 51.44891], [16.25921, 51.44879], [16.25915, 51.44879], [16.25915, 51.4488], [16.25964, 51.45001], [16.25965, 51.45004], [16.25965, 51.45005], [16.25971, 51.45019], [16.25972, 51.45021], [16.25997, 51.45026], [16.26034, 51.45012], [16.26031, 51.44964], [16.26073, 51.44959], [16.26125, 51.44954], [16.26148, 51.44956], [16.26162, 51.44955], [16.26185, 51.44955], [16.26206, 51.44959], [16.26329, 51.44952], [16.26366, 51.4493], [16.26232, 51.44868], [16.26165, 51.44856], [16.26133, 51.44876], [16.26105, 51.44851], [16.2605, 51.44861]]]]}, "properties": {"nadlesnictwo": "Lubin", "oddzial": "168", "pododdzial": "h", "gatunek": "SO", "wiek": 69, "powierzchnia_ha": 2.79, "ochronnosc": "OCH MIAST", "siedlisko": "LMŚW", "powod": "drzewostan ≥100 lat", "wiek_z_planu": 112}}, {"type": "Feature", "geometry": {"type": "MultiPolygon", "coordinates": [[[[16.26366, 51.4493], [16.26386, 51.44898], [16.26314, 51.44851], [16.26302, 51.44851], [16.26208, 51.44831], [16.26122, 51.4481], [16.26055, 51.4482], [16.26044, 51.4483], [16.26047, 51.44835], [16.2605, 51.44861], [16.26105, 51.44851], [16.26133, 51.44876], [16.26165, 51.44856], [16.26232, 51.44868], [16.26366, 51.4493]]]]}, "properties": {"nadlesnictwo": "Lubin", "oddzial": "168", "pododdzial": "i", "gatunek": "OL", "wiek": 80, "powierzchnia_ha": 1.08, "ochronnosc": "OCH WOD", "siedlisko": "LW", "powod": "drzewostan ≥100 lat", "wiek_z_planu": 112}}, {"type": "Feature", "geometry": {"type": "MultiPolygon", "coordinates": [[[[16.25352, 51.45792], [16.25363, 51.45786], [16.25369, 51.45783], [16.25397, 51.45761], [16.25494, 51.45686], [16.25501, 51.4568], [16.2554, 51.4565], [16.25457, 51.45605], [16.25444, 51.456], [16.25435, 51.45606], [16.25354, 51.45666], [16.25299, 51.45707], [16.25199, 51.45781], [16.25222, 51.45796], [16.25236, 51.45806], [16.25292, 51.45843], [16.25322, 51.45815], [16.25352, 51.45792]]]]}, "properties": {"nadlesnictwo": "Lubin", "oddzial": "165", "pododdzial": "b", "gatunek": "SO", "wiek": 23, "powierzchnia_ha": 2.37, "ochronnosc": "OCH MIAST", "siedlisko": "LMŚW", "powod": "drzewostan ≥100 lat", "wiek_z_planu": 108}}, {"type": "Feature", "geometry": {"type": "MultiPolygon", "coordinates": [[[[16.33257, 51.52006], [16.33265, 51.51936], [16.33117, 51.51929], [16.33022, 51.51925], [16.33007, 51.51998], [16.33257, 51.52006]]]]}, "properties": {"nadlesnictwo": "Lubin", "oddzial": "151", "pododdzial": "l", "gatunek": null, "wiek": 0, "powierzchnia_ha": 1.29, "ochronnosc": null, "siedlisko": "LMŚW", "powod": "drzewostan ≥100 lat", "wiek_z_planu": 105}}, {"type": "Feature", "geometry": {"type": "MultiPolygon", "coordinates": [[[[16.35965, 51.45681], [16.35967, 51.45685], [16.36004, 51.45784], [16.36059, 51.45777], [16.36103, 51.45835], [16.36243, 51.45809], [16.364, 51.4578], [16.36411, 51.45774], [16.36413, 51.45773], [16.36414, 51.45773], [16.36392, 51.45732], [16.3638, 51.4571], [16.36371, 51.45695], [16.36364, 51.45681], [16.36356, 51.45665], [16.36352, 51.45655], [16.36353, 51.45643], [16.36349, 51.4563], [16.36349, 51.45628], [16.3635, 51.4562], [16.36348, 51.4562], [16.3633, 51.45621], [16.36259, 51.45636], [16.3613, 51.45663], [16.36108, 51.45666], [16.36096, 51.45667], [16.36031, 51.45669], [16.35965, 51.45681]]]]}, "properties": {"nadlesnictwo": "Lubin", "oddzial": "190", "pododdzial": "j", "gatunek": "SO", "wiek": 13, "powierzchnia_ha": 4.68, "ochronnosc": "OCH MIAST", "siedlisko": "BMŚW", "powod": "drzewostan ≥100 lat", "wiek_z_planu": 105}}, {"type": "Feature", "geometry": {"type": "MultiPolygon", "coordinates": [[[[16.30515, 51.45216], [16.30513, 51.45217], [16.30454, 51.45234], [16.30449, 51.45237], [16.30459, 51.45245], [16.30477, 51.4531], [16.30432, 51.45318], [16.30443, 51.45367], [16.30369, 51.45395], [16.30418, 51.45405], [16.30511, 51.45422], [16.30567, 51.4543], [16.30572, 51.45431], [16.30571, 51.45428], [16.30563, 51.45402], [16.3059, 51.45385], [16.3061, 51.4537], [16.30591, 51.4532], [16.30542, 51.45322], [16.30539, 51.45314], [16.3054, 51.45307], [16.30538, 51.45289], [16.30536, 51.45276], [16.30532, 51.45261], [16.30523, 51.45243], [16.30517, 51.45228], [16.30515, 51.45217], [16.30515, 51.45216]]]]}, "properties": {"nadlesnictwo": "Lubin", "oddzial": "203", "pododdzial": "c", "gatunek": "SO", "wiek": 49, "powierzchnia_ha": 1.69, "ochronnosc": "OCH MIAST", "siedlisko": "BMŚW", "powod": "drzewostan ≥100 lat", "wiek_z_planu": 105}}, {"type": "Feature", "geometry": {"type": "MultiPolygon", "coordinates": [[[[16.27438, 51.43625], [16.27528, 51.43587], [16.27394, 51.4355], [16.27338, 51.43534], [16.27334, 51.43533], [16.27327, 51.43539], [16.27288, 51.43558], [16.27252, 51.43579], [16.27206, 51.43608], [16.2718, 51.43628], [16.27131, 51.43657], [16.27196, 51.43675], [16.27248, 51.4369], [16.2727, 51.43697], [16.27273, 51.43695], [16.27438, 51.43625]]]]}, "properties": {"nadlesnictwo": "Lubin", "oddzial": "193", "pododdzial": "k", "gatunek": "SO", "wiek": 63, "powierzchnia_ha": 2.35, "ochronnosc": "OCH MIAST", "siedlisko": "BMŚW", "powod": "drzewostan ≥100 lat", "wiek_z_planu": 104}}, {"type": "Feature", "geometry": {"type": "MultiPolygon", "coordinates": [[[[16.2821, 51.48395], [16.28214, 51.48386], [16.2821, 51.48351], [16.28199, 51.48324], [16.28245, 51.48318], [16.28315, 51.48312], [16.28342, 51.48313], [16.28341, 51.48312], [16.28338, 51.48277], [16.28322, 51.48127], [16.28186, 51.48134], [16.28054, 51.48163], [16.28053, 51.48211], [16.28046, 51.48346], [16.28052, 51.48359], [16.28067, 51.48441], [16.28107, 51.48437], [16.2815, 51.48433], [16.28186, 51.48424], [16.28204, 51.48408], [16.2821, 51.48395]]]]}, "properties": {"nadlesnictwo": "Lubin", "oddzial": "181", "pododdzial": "i", "gatunek": "SO", "wiek": 6, "powierzchnia_ha": 5.11, "ochronnosc": "OCH MIAST", "siedlisko": "BMŚW", "powod": "drzewostan ≥100 lat", "wiek_z_planu": 103}}, {"type": "Feature", "geometry": {"type": "MultiPolygon", "coordinates": [[[[16.23777, 51.455], [16.23777, 51.45501], [16.23776, 51.45501], [16.23733, 51.45504], [16.23693, 51.45506], [16.23666, 51.45513], [16.23669, 51.45534], [16.23598, 51.45542], [16.23583, 51.45544], [16.23575, 51.45545], [16.23572, 51.45545], [16.23563, 51.4554], [16.23554, 51.45535], [16.23543, 51.45529], [16.2354, 51.45527], [16.23535, 51.45524], [16.23526, 51.45519], [16.23538, 51.4552], [16.23535, 51.45514], [16.23517, 51.45513], [16.23509, 51.45515], [16.23513, 51.45518], [16.23521, 51.45522], [16.23525, 51.45524], [16.23531, 51.45527], [16.23534, 51.45529], [16.23546, 51.45535], [16.23586, 51.45555], [16.23612, 51.45566], [16.23623, 51.4557], [16.23679, 51.45589], [16.23683, 51.45591], [16.23839, 51.45626], [16.23849, 51.45627], [16.23849, 51.45627], [16.23859, 51.45629], [16.2386, 51.45627], [16.23861, 51.45623], [16.23869, 51.45606], [16.23897, 51.45588], [16.23957, 51.45584], [16.24118, 51.45575], [16.2413, 51.45565], [16.24176, 51.45563], [16.24178, 51.4554], [16.24221, 51.45539], [16.2432, 51.45536], [16.24333, 51.45535], [16.24354, 51.45534], [16.24355, 51.45534], [16.24364, 51.45528], [16.2427, 51.45503], [16.24263, 51.45459], [16.24232, 51.45459], [16.24137, 51.45464], [16.24137, 51.4547], [16.24154, 51.45509], [16.24148, 51.45531], [16.24129, 51.45533], [16.24082, 51.45541], [16.23958, 51.45538], [16.23941, 51.45518], [16.2395, 51.455], [16.23935, 51.45488], [16.23929, 51.4546], [16.23921, 51.45461], [16.23877, 51.45465], [16.23838, 51.45466], [16.238, 51.45466], [16.23775, 51.45467], [16.23776, 51.4547], [16.23776, 51.45473], [16.23777, 51.455]]]]}, "properties": {"nadlesnictwo": "Lubin", "oddzial": "150", "pododdzial": "d", "gatunek": "SO", "wiek": 17, "powierzchnia_ha": 4.35, "ochronnosc": "OCH MIAST", "siedlisko": "BMŚW", "powod": "drzewostan ≥100 lat", "wiek_z_planu": 100}}, {"type": "Feature", "geometry": {"type": "MultiPolygon", "coordinates": [[[[16.2358, 51.45517], [16.23582, 51.45539], [16.23567, 51.45541], [16.23558, 51.45536], [16.23543, 51.45527], [16.23538, 51.4552], [16.23526, 51.45519], [16.23535, 51.45524], [16.2354, 51.45527], [16.23543, 51.45529], [16.23554, 51.45535], [16.23563, 51.4554], [16.23572, 51.45545], [16.23575, 51.45545], [16.23583, 51.45544], [16.23598, 51.45542], [16.23593, 51.45508], [16.23592, 51.45501], [16.23589, 51.45501], [16.2359, 51.45508], [16.2358, 51.45517]]]]}, "properties": {"nadlesnictwo": "Lubin", "oddzial": "150", "pododdzial": "n", "gatunek": null, "wiek": 0, "powierzchnia_ha": 0.08, "ochronnosc": null, "siedlisko": null, "powod": "drzewostan ≥100 lat", "wiek_z_planu": 100}}, {"type": "Feature", "geometry": {"type": "MultiPolygon", "coordinates": [[[[16.23672, 51.45652], [16.23677, 51.45654], [16.23679, 51.45651], [16.2368, 51.45629], [16.2368, 51.4561], [16.23677, 51.4561], [16.23676, 51.4561], [16.23675, 51.45626], [16.23672, 51.45652]]]]}, "properties": {"nadlesnictwo": "Lubin", "oddzial": "150", "pododdzial": "p", "gatunek": null, "wiek": 0, "powierzchnia_ha": 0.02, "ochronnosc": null, "siedlisko": null, "powod": "drzewostan ≥100 lat", "wiek_z_planu": 102}}, {"type": "Feature", "geometry": {"type": "MultiPolygon", "coordinates": [[[[16.24283, 51.44709], [16.2428, 51.44703], [16.24269, 51.44692], [16.24281, 51.4469], [16.24305, 51.44687], [16.24273, 51.44503], [16.24291, 51.44453], [16.24118, 51.44476], [16.24131, 51.44525], [16.24177, 51.44707], [16.24203, 51.44807], [16.24304, 51.44801], [16.2429, 51.44755], [16.24283, 51.44709]]]]}, "properties": {"nadlesnictwo": "Lubin", "oddzial": "169", "pododdzial": "d", "gatunek": "BRZ", "wiek": 50, "powierzchnia_ha": 3.39, "ochronnosc": "OCH MIAST", "siedlisko": "BMŚW", "powod": "drzewostan ≥100 lat", "wiek_z_planu": 101}}, {"type": "Feature", "geometry": {"type": "MultiPolygon", "coordinates": [[[[16.26971, 51.45242], [16.27025, 51.45242], [16.27049, 51.45242], [16.27094, 51.4517], [16.27165, 51.45051], [16.27118, 51.45031], [16.27074, 51.45006], [16.27058, 51.45013], [16.27057, 51.45013], [16.27064, 51.45017], [16.27065, 51.45017], [16.27076, 51.45023], [16.27079, 51.45026], [16.27087, 51.45034], [16.2709, 51.45038], [16.27094, 51.45044], [16.27097, 51.45048], [16.27108, 51.45054], [16.27109, 51.45055], [16.271, 51.45061], [16.27069, 51.45075], [16.26905, 51.45194], [16.26858, 51.45173], [16.26818, 51.45201], [16.26805, 51.45211], [16.26775, 51.45245], [16.26971, 51.45242]]]]}, "properties": {"nadlesnictwo": "Lubin", "oddzial": "167", "pododdzial": "d", "gatunek": "SO", "wiek": 80, "powierzchnia_ha": 2.4, "ochronnosc": "OCH WOD", "siedlisko": "LŚW", "powod": "drzewostan ≥100 lat", "wiek_z_planu": 100}}, {"type": "Feature", "geometry": {"type": "MultiPolygon", "coordinates": [[[[16.3261, 51.50017], [16.32611, 51.50043], [16.32599, 51.50082], [16.32586, 51.50112], [16.32583, 51.50119], [16.32807, 51.50092], [16.32926, 51.50152], [16.33034, 51.50138], [16.33045, 51.50136], [16.33045, 51.50136], [16.33045, 51.50136], [16.33042, 51.50134], [16.32867, 51.50041], [16.3285, 51.50029], [16.32834, 51.50017], [16.32799, 51.49992], [16.32793, 51.49984], [16.32723, 51.4998], [16.32625, 51.4994], [16.3261, 51.50017]]]]}, "properties": {"nadlesnictwo": "Lubin", "oddzial": "170", "pododdzial": "c", "gatunek": "SO", "wiek": 2, "powierzchnia_ha": 3.14, "ochronnosc": null, "siedlisko": "BMŚW", "powod": "drzewostan ≥100 lat", "wiek_z_planu": 100}}]}